game,ai,player,seed,ticks,score,pellets_remaining,health,won,lost,energy,pushes,contacts,cache_loads,cache_pending,purple,blue,ghost_steps,ghost_chases,energy_retreats,stale_chases,blocked_moves,gate_rejects,history_samples,history_events,history_fail,digest
cinder,classic,goal,31001,269,1840,22,0,0,1,76.250,0,0,37,37,0,0,783,509,0,0,0,0,0,0,0,2934983782
cinder,classic,goal,31002,287,2060,5,0,0,1,68.600,0,0,41,41,0,0,825,426,0,0,0,0,0,0,0,3088918113
cinder,classic,goal,31003,198,1590,47,0,0,1,87.550,0,0,27,27,0,0,570,354,0,0,0,0,0,0,0,3476558835
cinder,classic,goal,31004,253,1765,22,0,0,1,75.150,0,0,39,39,0,0,737,438,0,0,0,0,0,0,0,998534089
cinder,classic,goal,31005,247,1700,36,0,0,1,60.350,0,0,36,36,0,0,717,424,0,0,0,0,0,0,0,360143208
cinder,classic,goal,31006,240,1880,23,0,0,1,86.650,0,0,32,32,0,0,686,317,0,0,0,0,0,0,0,2827796843
cinder,classic,goal,31007,300,2070,4,1,0,1,76.000,0,0,44,44,0,0,866,465,0,0,0,0,0,0,0,2457712150
cinder,classic,goal,31008,300,1960,15,1,0,1,100.000,0,0,40,40,0,0,870,586,0,0,0,0,0,0,0,587332460
cinder,classic,goal,31009,300,2070,4,1,0,1,76.000,0,0,44,44,0,0,866,466,0,0,0,0,0,0,0,1234143652
cinder,classic,goal,31010,238,1710,35,0,0,1,72.450,0,0,36,36,0,0,692,413,0,0,0,0,0,0,0,3643519626
cinder,classic,goal,31011,300,2070,4,2,0,1,83.100,0,0,43,43,0,0,868,436,0,0,0,0,0,0,0,1427787675
cinder,classic,goal,31012,269,1840,22,0,0,1,76.250,0,0,37,37,0,0,783,509,0,0,0,0,0,0,0,559728839
cinder,classic,goal,31013,287,2060,5,0,0,1,68.600,0,0,41,41,0,0,825,425,0,0,0,0,0,0,0,263277770
cinder,classic,goal,31014,239,1720,34,0,0,1,76.950,0,0,31,31,0,0,695,416,0,0,0,0,0,0,0,2361549731
cinder,classic,goal,31015,253,1765,22,0,0,1,75.150,0,0,39,39,0,0,737,437,0,0,0,0,0,0,0,2016691084
cinder,classic,goal,31016,283,1990,7,0,0,1,56.750,0,0,40,40,0,0,825,405,0,0,0,0,0,0,0,522654304
cinder,classic,goal,31017,300,2070,4,2,0,1,83.100,0,0,43,43,0,0,868,436,0,0,0,0,0,0,0,4074324977
cinder,classic,goal,31018,277,1840,22,0,0,1,73.750,0,0,37,37,0,0,807,516,0,0,0,0,0,0,0,1018917341
cinder,classic,goal,31019,296,2070,4,-2,0,1,0.000,0,0,41,41,0,0,819,495,0,0,0,0,0,0,0,3199340888
cinder,classic,goal,31020,297,2110,0,1,1,0,92.350,0,0,40,40,0,0,855,467,0,0,0,0,0,0,0,3761088963
cinder,classic,goal,31021,287,2060,5,0,0,1,68.600,0,0,41,41,0,0,825,425,0,0,0,0,0,0,0,610426306
cinder,classic,goal,31022,239,1670,39,0,0,1,84.200,0,0,34,34,0,0,693,435,0,0,0,0,0,0,0,4107411864
cinder,classic,goal,31023,291,2110,0,1,1,0,100.000,0,0,33,33,0,0,837,566,0,0,0,0,0,0,0,2745507738
cinder,classic,goal,31024,285,2050,6,0,0,1,68.250,0,0,41,41,0,0,819,413,0,0,0,0,0,0,0,2872253702
cinder,classic,goal,31025,287,2060,5,0,0,1,68.600,0,0,41,41,0,0,825,427,0,0,0,0,0,0,0,380155872
cinder,classic,goal,31026,253,1765,22,0,0,1,75.150,0,0,39,39,0,0,737,437,0,0,0,0,0,0,0,804988433
cinder,classic,goal,31027,285,2050,6,0,0,1,68.250,0,0,41,41,0,0,819,414,0,0,0,0,0,0,0,2032523167
cinder,classic,goal,31028,253,1765,22,0,0,1,75.150,0,0,39,39,0,0,737,436,0,0,0,0,0,0,0,884792179
cinder,classic,goal,31029,300,1960,15,1,0,1,100.000,0,0,40,40,0,0,870,588,0,0,0,0,0,0,0,3737430173
cinder,classic,goal,31030,260,1960,15,0,0,1,86.650,0,0,38,38,0,0,744,401,0,0,0,0,0,0,0,2271302127
cinder,classic,goal,31031,300,2010,10,1,0,1,91.450,0,0,40,40,0,0,864,553,0,0,0,0,0,0,0,2725016514
cinder,classic,goal,31032,248,1710,35,0,0,1,61.150,0,0,36,36,0,0,722,434,0,0,0,0,0,0,0,851204662
cinder,classic,goal,31033,300,2090,2,1,0,1,100.000,0,0,35,35,0,0,866,588,0,0,0,0,0,0,0,2492223308
cinder,classic,goal,31034,300,1960,15,1,0,1,100.000,0,0,42,42,0,0,870,584,0,0,0,0,0,0,0,2820235134
cinder,classic,goal,31035,291,2110,0,1,1,0,100.000,0,0,33,33,0,0,837,564,0,0,0,0,0,0,0,1941269350
cinder,classic,goal,31036,285,2050,6,0,0,1,68.250,0,0,41,41,0,0,819,414,0,0,0,0,0,0,0,1384399634
cinder,classic,goal,31037,286,2110,0,1,1,0,100.000,0,0,31,31,0,0,824,474,0,0,0,0,0,0,0,741681378
cinder,classic,goal,31038,247,1700,36,0,0,1,60.350,0,0,36,36,0,0,717,428,0,0,0,0,0,0,0,4024958143
cinder,classic,goal,31039,300,2100,1,1,0,1,79.750,0,0,41,41,0,0,864,450,0,0,0,0,0,0,0,3393676083
cinder,classic,goal,31040,286,2110,0,1,1,0,100.000,0,0,31,31,0,0,824,476,0,0,0,0,0,0,0,3519160779
cinder,classic,goal,31041,300,2070,4,2,0,1,83.100,0,0,43,43,0,0,868,437,0,0,0,0,0,0,0,4171100313
cinder,classic,goal,31042,239,1720,34,0,0,1,76.950,0,0,31,31,0,0,695,417,0,0,0,0,0,0,0,2256504831
cinder,classic,goal,31043,286,2110,0,1,1,0,100.000,0,0,31,31,0,0,824,475,0,0,0,0,0,0,0,1903436028
cinder,classic,goal,31044,262,1810,25,0,0,1,61.450,0,0,37,37,0,0,764,507,0,0,0,0,0,0,0,2777371408
cinder,classic,goal,31045,262,1850,21,0,0,1,87.550,0,0,32,32,0,0,764,453,0,0,0,0,0,0,0,1648823073
cinder,classic,goal,31046,274,1990,7,0,0,1,63.150,0,0,38,38,0,0,798,402,0,0,0,0,0,0,0,3885115928
cinder,classic,goal,31047,263,1970,14,0,0,1,79.600,0,0,35,35,0,0,753,363,0,0,0,0,0,0,0,3946206851
cinder,classic,goal,31048,262,1810,25,0,0,1,61.450,0,0,37,37,0,0,764,507,0,0,0,0,0,0,0,2112139850
cinder,classic,goal,31049,296,2080,3,-2,0,1,0.000,0,0,41,41,0,0,819,493,0,0,0,0,0,0,0,1235772907
cinder,classic,goal,31050,262,1850,21,0,0,1,86.650,0,0,38,38,0,0,762,490,0,0,0,0,0,0,0,3385491946
cinder,classic,goal,31051,262,1810,25,0,0,1,62.700,0,0,37,37,0,0,764,509,0,0,0,0,0,0,0,2684539901
cinder,classic,goal,31052,258,1850,21,0,0,1,86.650,0,0,30,30,0,0,750,531,0,0,0,0,0,0,0,1435577288
cinder,classic,goal,31053,258,1850,21,0,0,1,86.650,0,0,30,30,0,0,750,532,0,0,0,0,0,0,0,695288683
cinder,classic,goal,31054,247,1700,36,0,0,1,60.350,0,0,36,36,0,0,717,426,0,0,0,0,0,0,0,3156360289
cinder,classic,goal,31055,253,1765,22,0,0,1,75.150,0,0,39,39,0,0,737,438,0,0,0,0,0,0,0,3475373786
cinder,classic,goal,31056,300,1900,16,1,0,1,83.900,0,0,39,39,0,0,876,594,0,0,0,0,0,0,0,1443566256
cinder,classic,goal,31057,291,2110,0,1,1,0,92.700,0,0,39,39,0,0,837,459,0,0,0,0,0,0,0,551812948
cinder,classic,goal,31058,283,1990,7,0,0,1,56.750,0,0,40,40,0,0,825,405,0,0,0,0,0,0,0,2754852216
cinder,classic,goal,31059,239,1720,34,0,0,1,76.950,0,0,31,31,0,0,695,414,0,0,0,0,0,0,0,231529770
cinder,classic,goal,31060,231,1670,39,0,0,1,85.400,0,0,34,34,0,0,669,419,0,0,0,0,0,0,0,2315498018
cinder,classic,goal,31061,291,2110,0,1,1,0,100.000,0,0,33,33,0,0,837,565,0,0,0,0,0,0,0,1206329704
cinder,classic,goal,31062,300,2070,4,2,0,1,83.100,0,0,43,43,0,0,868,436,0,0,0,0,0,0,0,977484270
cinder,classic,goal,31063,274,1760,25,0,0,1,54.750,0,0,37,37,0,0,810,535,0,0,0,0,0,0,0,2750733296
cinder,classic,goal,31064,300,2100,1,1,0,1,79.750,0,0,41,41,0,0,864,450,0,0,0,0,0,0,0,2297519268
cinder,classic,goal,31065,287,2060,5,0,0,1,68.600,0,0,41,41,0,0,825,424,0,0,0,0,0,0,0,1329142392
cinder,classic,goal,31066,272,1990,7,0,0,1,64.050,0,0,38,38,0,0,792,392,0,0,0,0,0,0,0,445787312
cinder,classic,goal,31067,287,2060,5,0,0,1,68.600,0,0,41,41,0,0,825,425,0,0,0,0,0,0,0,3583049092
cinder,classic,goal,31068,292,2110,0,1,1,0,100.000,0,0,31,31,0,0,842,486,0,0,0,0,0,0,0,3090115963
cinder,classic,goal,31069,253,1765,22,0,0,1,75.150,0,0,39,39,0,0,737,437,0,0,0,0,0,0,0,779142794
cinder,classic,goal,31070,256,1840,22,0,0,1,73.500,0,0,38,38,0,0,744,356,0,0,0,0,0,0,0,4055532907
cinder,classic,goal,31071,236,1850,26,0,0,1,86.650,0,0,32,32,0,0,674,312,0,0,0,0,0,0,0,4010820823
cinder,classic,goal,31072,242,1720,34,0,0,1,73.700,0,0,35,35,0,0,702,427,0,0,0,0,0,0,0,740921371
cinder,classic,goal,31073,273,1970,14,0,0,1,79.600,0,0,35,35,0,0,783,393,0,0,0,0,0,0,0,3738856945
cinder,classic,goal,31074,287,2060,5,0,0,1,68.600,0,0,41,41,0,0,825,427,0,0,0,0,0,0,0,2750840223
cinder,classic,goal,31075,291,2110,0,1,1,0,100.000,0,0,33,33,0,0,837,565,0,0,0,0,0,0,0,3270861038
cinder,classic,goal,31076,300,2090,2,1,0,1,100.000,0,0,35,35,0,0,866,588,0,0,0,0,0,0,0,1533812145
cinder,classic,goal,31077,287,2060,5,0,0,1,68.600,0,0,41,41,0,0,825,426,0,0,0,0,0,0,0,3257391242
cinder,classic,goal,31078,286,2110,0,1,1,0,100.000,0,0,31,31,0,0,824,474,0,0,0,0,0,0,0,2619027509
cinder,classic,goal,31079,274,1760,25,0,0,1,54.750,0,0,37,37,0,0,810,535,0,0,0,0,0,0,0,2587954150
cinder,classic,goal,31080,258,1840,22,0,0,1,59.700,0,0,38,38,0,0,750,408,0,0,0,0,0,0,0,900334855
cinder,classic,goal,31081,200,1590,47,0,0,1,87.550,0,0,27,27,0,0,576,352,0,0,0,0,0,0,0,331510777
cinder,classic,goal,31082,256,1840,22,0,0,1,60.600,0,0,38,38,0,0,744,401,0,0,0,0,0,0,0,1233239795
cinder,classic,goal,31083,300,2100,1,1,0,1,79.750,0,0,41,41,0,0,864,451,0,0,0,0,0,0,0,1293280407
cinder,classic,goal,31084,287,2060,5,0,0,1,68.600,0,0,41,41,0,0,825,426,0,0,0,0,0,0,0,2770334757
cinder,classic,goal,31085,296,2070,4,-2,0,1,0.000,0,0,41,41,0,0,819,495,0,0,0,0,0,0,0,2542649070
cinder,classic,goal,31086,287,2060,5,0,0,1,68.600,0,0,41,41,0,0,825,425,0,0,0,0,0,0,0,1544809413
cinder,classic,goal,31087,285,2050,6,0,0,1,68.250,0,0,41,41,0,0,819,415,0,0,0,0,0,0,0,4078398369
cinder,classic,goal,31088,224,1720,34,0,0,1,84.300,0,0,29,29,0,0,648,422,0,0,0,0,0,0,0,2379850099
cinder,classic,goal,31089,300,2100,1,1,0,1,79.750,0,0,41,41,0,0,864,450,0,0,0,0,0,0,0,1186539861
cinder,classic,goal,31090,275,1990,12,0,0,1,65.250,0,0,40,40,0,0,789,398,0,0,0,0,0,0,0,3944841340
cinder,classic,goal,31091,178,1410,65,0,0,1,72.450,0,0,19,19,0,0,512,273,0,0,0,0,0,0,0,3730544143
cinder,classic,goal,31092,287,2060,5,0,0,1,68.600,0,0,41,41,0,0,825,425,0,0,0,0,0,0,0,2943840529
cinder,classic,goal,31093,285,2050,6,0,0,1,68.250,0,0,41,41,0,0,819,415,0,0,0,0,0,0,0,969020457
cinder,classic,goal,31094,275,1950,16,0,0,1,79.550,0,0,38,38,0,0,789,440,0,0,0,0,0,0,0,4123491704
cinder,classic,goal,31095,259,1880,23,0,0,1,68.050,0,0,34,34,0,0,743,361,0,0,0,0,0,0,0,646423124
cinder,classic,goal,31096,287,2050,6,0,0,1,67.350,0,0,41,41,0,0,825,417,0,0,0,0,0,0,0,2605497878
cinder,classic,goal,31097,256,1810,25,0,0,1,74.550,0,0,37,37,0,0,746,467,0,0,0,0,0,0,0,2005980129
cinder,classic,goal,31098,257,1800,26,0,0,1,59.300,0,0,37,37,0,0,747,530,0,0,0,0,0,0,0,4236390293
cinder,classic,goal,31099,278,1850,21,0,0,1,77.950,0,0,37,37,0,0,812,536,0,0,0,0,0,0,0,190435693
cinder,classic,goal,31100,300,2010,10,1,0,1,91.450,0,0,40,40,0,0,864,554,0,0,0,0,0,0,0,689482473
cinder,classic,goal,31101,275,2020,9,0,0,1,69.000,0,0,40,40,0,0,789,399,0,0,0,0,0,0,0,452338500
cinder,classic,goal,31102,262,1810,25,0,0,1,62.700,0,0,37,37,0,0,764,507,0,0,0,0,0,0,0,723616040
cinder,classic,goal,31103,300,2100,1,1,0,1,79.750,0,0,41,41,0,0,864,449,0,0,0,0,0,0,0,2677651315
cinder,classic,goal,31104,291,2110,0,1,1,0,100.000,0,0,33,33,0,0,837,564,0,0,0,0,0,0,0,1228384677
cinder,classic,goal,31105,300,2050,6,1,0,1,82.850,0,0,40,40,0,0,864,481,0,0,0,0,0,0,0,2515152378
cinder,classic,goal,31106,247,1700,36,0,0,1,60.350,0,0,36,36,0,0,717,424,0,0,0,0,0,0,0,1365635597
cinder,classic,goal,31107,300,2070,4,2,0,1,83.100,0,0,43,43,0,0,868,437,0,0,0,0,0,0,0,1787941883
cinder,classic,goal,31108,239,1720,34,0,0,1,76.950,0,0,31,31,0,0,695,413,0,0,0,0,0,0,0,1457097965
cinder,classic,goal,31109,296,2080,3,-2,0,1,0.000,0,0,41,41,0,0,819,495,0,0,0,0,0,0,0,4140926827
cinder,classic,goal,31110,187,1400,66,0,0,1,60.350,0,0,19,19,0,0,537,298,0,0,0,0,0,0,0,1405260061
cinder,classic,goal,31111,300,2070,4,2,0,1,83.100,0,0,43,43,0,0,868,436,0,0,0,0,0,0,0,1077410175
cinder,classic,goal,31112,300,2070,4,2,0,1,83.100,0,0,43,43,0,0,868,436,0,0,0,0,0,0,0,99775704
cinder,classic,goal,31113,275,1950,16,0,0,1,79.550,0,0,38,38,0,0,789,440,0,0,0,0,0,0,0,3389139625
cinder,classic,goal,31114,286,2110,0,1,1,0,100.000,0,0,31,31,0,0,824,476,0,0,0,0,0,0,0,2454241057
cinder,classic,goal,31115,287,2060,5,0,0,1,68.600,0,0,41,41,0,0,825,427,0,0,0,0,0,0,0,3208258388
cinder,classic,goal,31116,269,1840,22,0,0,1,76.250,0,0,37,37,0,0,783,509,0,0,0,0,0,0,0,1246744639
cinder,classic,goal,31117,248,1710,35,0,0,1,61.150,0,0,36,36,0,0,722,435,0,0,0,0,0,0,0,861992407
cinder,classic,goal,31118,300,2100,1,1,0,1,79.750,0,0,41,41,0,0,864,450,0,0,0,0,0,0,0,3939197946
cinder,classic,goal,31119,231,1670,39,0,0,1,85.400,0,0,34,34,0,0,669,421,0,0,0,0,0,0,0,93369377
cinder,classic,goal,31120,269,1840,22,0,0,1,76.250,0,0,37,37,0,0,783,508,0,0,0,0,0,0,0,60297505
cinder,classic,goal,31121,248,1710,35,0,0,1,61.150,0,0,36,36,0,0,722,431,0,0,0,0,0,0,0,4117589211
cinder,classic,goal,31122,285,2050,6,0,0,1,68.250,0,0,41,41,0,0,819,415,0,0,0,0,0,0,0,1646489784
cinder,classic,goal,31123,271,1850,21,0,0,1,73.600,0,0,40,40,0,0,791,442,0,0,0,0,0,0,0,3979378931
cinder,classic,goal,31124,297,2110,0,1,1,0,92.350,0,0,40,40,0,0,855,463,0,0,0,0,0,0,0,187190699
cinder,classic,goal,31125,254,1840,22,0,0,1,73.150,0,0,38,38,0,0,738,354,0,0,0,0,0,0,0,863705820
cinder,classic,goal,31126,272,1990,7,0,0,1,64.050,0,0,38,38,0,0,792,393,0,0,0,0,0,0,0,347985556
cinder,classic,goal,31127,297,2110,0,1,1,0,92.350,0,0,40,40,0,0,855,461,0,0,0,0,0,0,0,2716019084
cinder,classic,goal,31128,285,2050,6,0,0,1,68.250,0,0,41,41,0,0,819,415,0,0,0,0,0,0,0,774611648
cinder,systemic,goal,31001,292,2110,0,3,1,0,99.900,0,0,41,41,0,0,776,51,75,28,0,0,0,0,0,2649545221
cinder,systemic,goal,31002,273,2110,0,4,1,0,100.000,0,0,32,32,0,0,730,19,68,25,0,0,0,0,0,654297145
cinder,systemic,goal,31003,279,2110,0,4,1,0,100.000,0,0,29,29,0,0,743,61,70,35,0,0,0,0,0,1294647542
cinder,systemic,goal,31004,300,2100,1,1,0,1,79.800,0,0,41,41,0,0,791,89,77,44,0,0,0,0,0,4079277255
cinder,systemic,goal,31005,290,2110,0,3,1,0,99.450,0,0,40,40,0,0,771,77,74,38,0,0,0,0,0,409517435
cinder,systemic,goal,31006,295,2110,0,3,1,0,100.000,0,0,42,42,0,0,781,98,76,51,0,0,0,0,0,2701241430
cinder,systemic,goal,31007,295,2110,0,2,1,0,100.000,0,0,42,42,0,0,778,71,75,29,0,0,0,0,0,660803134
cinder,systemic,goal,31008,287,2110,0,4,1,0,100.000,0,0,34,34,0,0,764,69,73,41,0,0,0,0,0,632204093
cinder,systemic,goal,31009,286,2110,0,4,1,0,90.150,0,0,40,40,0,0,762,64,72,52,0,0,0,0,0,2753179118
cinder,systemic,goal,31010,281,2110,0,4,1,0,99.750,0,0,38,38,0,0,748,73,71,39,0,0,0,0,0,1214061751
cinder,systemic,goal,31011,283,2110,0,2,1,0,100.000,0,0,41,41,0,0,750,89,71,51,0,0,0,0,0,1022472816
cinder,systemic,goal,31012,299,2110,0,4,1,0,91.550,0,0,34,34,0,0,795,74,78,46,0,0,0,0,0,332383935
cinder,systemic,goal,31013,285,2110,0,2,1,0,100.000,0,0,41,41,0,0,755,72,72,30,0,0,0,0,0,2493970956
cinder,systemic,goal,31014,228,1760,30,0,0,1,67.400,0,0,34,34,0,0,613,64,50,34,0,0,0,0,0,4072805032
cinder,systemic,goal,31015,290,2110,0,2,1,0,99.450,0,0,40,40,0,0,768,79,73,43,0,0,0,0,0,1876059108
cinder,systemic,goal,31016,284,2110,0,2,1,0,99.900,0,0,41,41,0,0,753,91,71,37,0,0,0,0,0,2633849279
cinder,systemic,goal,31017,290,2110,0,2,1,0,99.900,0,0,41,41,0,0,768,79,73,38,0,0,0,0,0,693942376
cinder,systemic,goal,31018,299,2110,0,3,1,0,89.350,0,0,40,40,0,0,792,19,77,30,0,0,0,0,0,3783858706
cinder,systemic,goal,31019,288,2110,0,4,1,0,99.900,0,0,41,41,0,0,767,39,73,49,0,0,0,0,0,1982743046
cinder,systemic,goal,31020,291,2110,0,2,1,0,92.800,0,0,40,40,0,0,769,116,74,51,0,0,0,0,0,3801066379
cinder,systemic,goal,31021,285,2110,0,1,1,0,100.000,0,0,41,41,0,0,754,77,71,31,0,0,0,0,0,1909031379
cinder,systemic,goal,31022,300,2100,1,2,0,1,93.250,0,0,42,42,0,0,795,84,77,55,0,0,0,0,0,3695467882
cinder,systemic,goal,31023,293,2110,0,3,1,0,100.000,0,0,38,38,0,0,780,74,75,40,0,0,0,0,0,1698270223
cinder,systemic,goal,31024,300,1790,27,4,0,1,74.100,0,0,37,37,0,0,808,106,80,55,0,0,0,0,0,678376093
cinder,systemic,goal,31025,289,2110,0,3,1,0,100.000,0,0,39,39,0,0,769,78,73,39,0,0,0,0,0,3033097155
cinder,systemic,goal,31026,287,2110,0,3,1,0,100.000,0,0,34,34,0,0,760,74,73,35,0,0,0,0,0,3139063678
cinder,systemic,goal,31027,285,2110,0,1,1,0,100.000,0,0,41,41,0,0,751,66,71,42,0,0,0,0,0,1771725743
cinder,systemic,goal,31028,285,2110,0,1,1,0,100.000,0,0,29,29,0,0,749,94,70,61,0,0,0,0,0,2109364288
cinder,systemic,goal,31029,295,2110,0,4,1,0,89.900,0,0,38,38,0,0,785,74,76,47,0,0,0,0,0,877326288
cinder,systemic,goal,31030,290,2110,0,3,1,0,100.000,0,0,40,40,0,0,769,85,73,39,0,0,0,0,0,3535674314
cinder,systemic,goal,31031,281,2110,0,1,1,0,100.000,0,0,40,40,0,0,747,116,70,52,0,0,0,0,0,1640578431
cinder,systemic,goal,31032,300,2080,3,1,0,1,100.000,0,0,45,45,0,0,791,84,76,69,0,0,0,0,0,222009637
cinder,systemic,goal,31033,300,2110,0,1,1,1,94.300,0,0,41,41,0,0,791,31,77,24,0,0,0,0,0,501826027
cinder,systemic,goal,31034,300,2100,1,1,0,1,92.900,0,0,38,38,0,0,790,24,77,60,0,0,0,0,0,3873333645
cinder,systemic,goal,31035,300,1390,62,4,0,1,38.700,0,0,27,27,0,0,819,215,81,102,0,0,0,0,0,3832914298
cinder,systemic,goal,31036,285,2110,0,2,1,0,100.000,0,0,34,34,0,0,754,117,71,44,0,0,0,0,0,3855861057
cinder,systemic,goal,31037,287,2110,0,3,1,0,100.000,0,0,34,34,0,0,760,87,73,63,0,0,0,0,0,1668348073
cinder,systemic,goal,31038,289,2110,0,1,1,0,96.800,0,0,41,41,0,0,761,75,73,47,0,0,0,0,0,2641930326
cinder,systemic,goal,31039,270,1900,16,0,0,1,62.550,0,0,37,37,0,0,722,71,67,24,0,0,0,0,0,2589035487
cinder,systemic,goal,31040,291,2110,0,3,1,0,100.000,0,0,34,34,0,0,773,102,75,45,0,0,0,0,0,2012313426
cinder,systemic,goal,31041,284,2110,0,1,1,0,96.650,0,0,40,40,0,0,750,98,71,39,0,0,0,0,0,946802111
cinder,systemic,goal,31042,286,2110,0,2,1,0,71.650,0,0,40,40,0,0,755,77,71,43,0,0,0,0,0,3731551187
cinder,systemic,goal,31043,300,1790,27,2,0,1,63.900,0,0,36,36,0,0,803,123,79,56,0,0,0,0,0,1295898198
cinder,systemic,goal,31044,300,2060,5,4,0,1,87.950,0,0,43,43,0,0,798,71,78,45,0,0,0,0,0,3797831180
cinder,systemic,goal,31045,283,2110,0,4,1,0,100.000,0,0,34,34,0,0,753,104,72,54,0,0,0,0,0,86896900
cinder,systemic,goal,31046,297,2110,0,1,1,0,80.300,0,0,39,39,0,0,786,21,76,18,0,0,0,0,0,3802230514
cinder,systemic,goal,31047,284,2110,0,2,1,0,100.000,0,0,40,40,0,0,755,74,72,22,0,0,0,0,0,4098162632
cinder,systemic,goal,31048,291,2110,0,2,1,0,97.850,0,0,37,37,0,0,772,55,75,34,0,0,0,0,0,1767265783
cinder,systemic,goal,31049,277,2110,0,2,1,0,100.000,0,0,29,29,0,0,731,83,68,37,0,0,0,0,0,569328950
cinder,systemic,goal,31050,284,2110,0,2,1,0,100.000,0,0,40,40,0,0,754,83,72,28,0,0,0,0,0,1197874231
cinder,systemic,goal,31051,286,2110,0,2,1,0,99.900,0,0,41,41,0,0,757,55,72,27,0,0,0,0,0,1472218314
cinder,systemic,goal,31052,300,2100,1,1,0,1,92.300,0,0,41,41,0,0,794,82,77,59,0,0,0,0,0,1947295711
cinder,systemic,goal,31053,282,2080,3,0,0,1,82.600,0,0,40,40,0,0,744,69,70,43,0,0,0,0,0,651496457
cinder,systemic,goal,31054,284,2110,0,2,1,0,99.900,0,0,41,41,0,0,752,65,71,35,0,0,0,0,0,1592353497
cinder,systemic,goal,31055,286,2110,0,3,1,0,99.900,0,0,41,41,0,0,759,69,71,30,0,0,0,0,0,2279110139
cinder,systemic,goal,31056,300,2090,2,2,0,1,99.450,0,0,40,40,0,0,795,62,77,38,0,0,0,0,0,336029289
cinder,systemic,goal,31057,285,2110,0,2,1,0,100.000,0,0,41,41,0,0,755,67,72,42,0,0,0,0,0,3232568488
cinder,systemic,goal,31058,300,2100,1,4,0,1,95.050,0,0,41,41,0,0,798,72,78,28,0,0,0,0,0,3662850526
cinder,systemic,goal,31059,291,2110,0,3,1,0,100.000,0,0,34,34,0,0,771,78,74,44,0,0,0,0,0,3005465935
cinder,systemic,goal,31060,300,2080,3,2,0,1,100.000,0,0,40,40,0,0,796,89,78,65,0,0,0,0,0,4056580740
cinder,systemic,goal,31061,289,2110,0,3,1,0,100.000,0,0,42,42,0,0,768,93,74,48,0,0,0,0,0,1507860837
cinder,systemic,goal,31062,286,2110,0,1,1,0,99.450,0,0,40,40,0,0,756,89,72,38,0,0,0,0,0,1236613646
cinder,systemic,goal,31063,285,2110,0,3,1,0,100.000,0,0,41,41,0,0,755,91,72,53,0,0,0,0,0,3690872537
cinder,systemic,goal,31064,249,2040,7,0,0,1,87.100,0,0,35,35,0,0,661,70,57,61,0,0,0,0,0,3046088884
cinder,systemic,goal,31065,300,2080,3,2,0,1,91.150,0,0,40,40,0,0,798,97,78,74,0,0,0,0,0,1678105271
cinder,systemic,goal,31066,295,2110,0,1,1,0,100.000,0,0,41,41,0,0,774,104,75,56,0,0,0,0,0,1140295948
cinder,systemic,goal,31067,300,1400,61,4,0,1,39.500,0,0,27,27,0,0,819,222,81,128,0,0,0,0,0,3669619807
cinder,systemic,goal,31068,269,1890,17,-1,0,1,62.650,0,0,37,37,0,0,719,66,66,29,0,0,0,0,0,1637591552
cinder,systemic,goal,31069,289,2110,0,3,1,0,100.000,0,0,42,42,0,0,769,98,74,38,0,0,0,0,0,2079027001
cinder,systemic,goal,31070,286,2110,0,3,1,0,100.000,0,0,40,40,0,0,762,84,72,36,0,0,0,0,0,430019942
cinder,systemic,goal,31071,300,1790,27,3,0,1,75.000,0,0,37,37,0,0,805,117,79,88,0,0,0,0,0,312442181
cinder,systemic,goal,31072,299,2110,0,3,1,0,100.000,0,0,41,41,0,0,792,53,77,47,0,0,0,0,0,1547617268
cinder,systemic,goal,31073,288,2110,0,1,1,0,99.900,0,0,41,41,0,0,762,56,73,28,0,0,0,0,0,698663959
cinder,systemic,goal,31074,284,2110,0,2,1,0,100.000,0,0,41,41,0,0,753,92,71,37,0,0,0,0,0,2006513231
cinder,systemic,goal,31075,289,2110,0,1,1,0,100.000,0,0,41,41,0,0,764,84,73,36,0,0,0,0,0,1910113805
cinder,systemic,goal,31076,225,1850,21,0,0,1,63.250,0,0,28,28,0,0,605,94,48,45,0,0,0,0,0,379765193
cinder,systemic,goal,31077,282,2110,0,3,1,0,99.900,0,0,41,41,0,0,750,75,71,36,0,0,0,0,0,1098554539
cinder,systemic,goal,31078,285,2110,0,3,1,0,100.000,0,0,34,34,0,0,755,82,72,44,0,0,0,0,0,3834483638
cinder,systemic,goal,31079,300,1790,27,3,0,1,75.000,0,0,36,36,0,0,805,116,79,67,0,0,0,0,0,411766361
cinder,systemic,goal,31080,282,2110,0,4,1,0,100.000,0,0,41,41,0,0,751,93,71,46,0,0,0,0,0,1023958227
cinder,systemic,goal,31081,281,2110,0,3,1,0,99.750,0,0,38,38,0,0,745,77,70,37,0,0,0,0,0,99290297
cinder,systemic,goal,31082,285,2110,0,3,1,0,100.000,0,0,40,40,0,0,759,89,72,35,0,0,0,0,0,3580993752
cinder,systemic,goal,31083,297,2110,0,3,1,0,100.000,0,0,41,41,0,0,790,79,77,60,0,0,0,0,0,793594785
cinder,systemic,goal,31084,291,2110,0,1,1,0,100.000,0,0,42,42,0,0,767,80,74,38,0,0,0,0,0,1148409644
cinder,systemic,goal,31085,300,1880,18,4,0,1,86.250,0,0,37,37,0,0,808,112,80,57,0,0,0,0,0,2079874389
cinder,systemic,goal,31086,281,2110,0,3,1,0,100.000,0,0,32,32,0,0,745,62,70,39,0,0,0,0,0,947099010
cinder,systemic,goal,31087,290,2110,0,2,1,0,78.150,0,0,40,40,0,0,769,27,73,32,0,0,0,0,0,473081730
cinder,systemic,goal,31088,291,2110,0,2,1,0,88.000,0,0,39,39,0,0,771,64,73,30,0,0,0,0,0,1158520667
cinder,systemic,goal,31089,291,2110,0,1,1,0,100.000,0,0,42,42,0,0,769,101,74,40,0,0,0,0,0,1666909515
cinder,systemic,goal,31090,300,2080,3,2,0,1,93.400,0,0,44,44,0,0,797,30,78,44,0,0,0,0,0,789867286
cinder,systemic,goal,31091,282,2110,0,2,1,0,99.900,0,0,41,41,0,0,747,69,70,29,0,0,0,0,0,1934931858
cinder,systemic,goal,31092,291,2110,0,2,1,0,100.000,0,0,41,41,0,0,771,82,75,45,0,0,0,0,0,3183082337
cinder,systemic,goal,31093,283,2110,0,4,1,0,100.000,0,0,34,34,0,0,753,69,72,27,0,0,0,0,0,740467852
cinder,systemic,goal,31094,296,2110,0,1,1,0,93.650,0,0,35,35,0,0,777,103,75,62,0,0,0,0,0,1374411944
cinder,systemic,goal,31095,292,2110,0,1,1,0,93.950,0,0,41,41,0,0,771,73,74,40,0,0,0,0,0,1188360341
cinder,systemic,goal,31096,285,2110,0,1,1,0,88.800,0,0,34,34,0,0,753,110,71,61,0,0,0,0,0,2685358918
cinder,systemic,goal,31097,285,2110,0,3,1,0,100.000,0,0,34,34,0,0,755,87,72,42,0,0,0,0,0,607213417
cinder,systemic,goal,31098,286,2080,3,0,0,1,73.500,0,0,35,35,0,0,757,71,71,46,0,0,0,0,0,3851847466
cinder,systemic,goal,31099,285,2110,0,2,1,0,87.750,0,0,38,38,0,0,754,71,72,55,0,0,0,0,0,1924770900
cinder,systemic,goal,31100,286,2110,0,3,1,0,100.000,0,0,40,40,0,0,761,87,72,47,0,0,0,0,0,3006026114
cinder,systemic,goal,31101,295,2110,0,2,1,0,88.000,0,0,42,42,0,0,781,81,76,38,0,0,0,0,0,4001919256
cinder,systemic,goal,31102,283,2110,0,4,1,0,100.000,0,0,34,34,0,0,753,28,72,41,0,0,0,0,0,3001617381
cinder,systemic,goal,31103,300,1820,24,3,0,1,66.900,0,0,39,39,0,0,805,64,79,41,0,0,0,0,0,504679588
cinder,systemic,goal,31104,285,2110,0,4,1,0,100.000,0,0,29,29,0,0,759,74,72,37,0,0,0,0,0,4279059235
cinder,systemic,goal,31105,286,2110,0,3,1,0,99.900,0,0,41,41,0,0,761,61,72,34,0,0,0,0,0,1213101575
cinder,systemic,goal,31106,280,2110,0,4,1,0,99.900,0,0,41,41,0,0,746,71,70,26,0,0,0,0,0,3583917809
cinder,systemic,goal,31107,295,2110,0,2,1,0,84.200,0,0,41,41,0,0,781,40,76,42,0,0,0,0,0,1956916718
cinder,systemic,goal,31108,289,2110,0,2,1,0,100.000,0,0,40,40,0,0,766,73,73,34,0,0,0,0,0,3020232885
cinder,systemic,goal,31109,283,2110,0,3,1,0,100.000,0,0,34,34,0,0,750,76,71,38,0,0,0,0,0,2926207185
cinder,systemic,goal,31110,291,2110,0,3,1,0,93.300,0,0,40,40,0,0,771,36,74,31,0,0,0,0,0,1264661278
cinder,systemic,goal,31111,290,2110,0,4,1,0,88.350,0,0,40,40,0,0,772,23,74,23,0,0,0,0,0,1267947870
cinder,systemic,goal,31112,285,2110,0,2,1,0,100.000,0,0,41,41,0,0,755,87,72,52,0,0,0,0,0,3557070117
cinder,systemic,goal,31113,297,2110,0,1,1,0,80.250,0,0,37,37,0,0,785,94,76,44,0,0,0,0,0,2393413035
cinder,systemic,goal,31114,293,2110,0,3,1,0,100.000,0,0,42,42,0,0,780,73,75,34,0,0,0,0,0,3987190606
cinder,systemic,goal,31115,285,2110,0,1,1,0,100.000,0,0,37,37,0,0,754,78,71,30,0,0,0,0,0,3734628733
cinder,systemic,goal,31116,270,1900,16,0,0,1,75.450,0,0,37,37,0,0,724,69,67,15,0,0,0,0,0,1539080342
cinder,systemic,goal,31117,286,2110,0,3,1,0,91.200,0,0,42,42,0,0,761,65,72,48,0,0,0,0,0,3666837885
cinder,systemic,goal,31118,294,2110,0,4,1,0,99.900,0,0,41,41,0,0,783,97,75,50,0,0,0,0,0,2761413837
cinder,systemic,goal,31119,207,1630,43,-1,0,1,62.350,0,0,27,27,0,0,557,93,42,37,0,0,0,0,0,1167953341
cinder,systemic,goal,31120,289,2110,0,1,1,0,100.000,0,0,41,41,0,0,762,74,73,37,0,0,0,0,0,4039351488
cinder,systemic,goal,31121,300,1970,9,3,0,1,89.000,0,0,33,33,0,0,805,30,79,58,0,0,0,0,0,1303086813
cinder,systemic,goal,31122,289,2110,0,3,1,0,100.000,0,0,41,41,0,0,769,73,74,35,0,0,0,0,0,1322596710
cinder,systemic,goal,31123,221,1750,26,0,0,1,74.450,0,0,28,28,0,0,606,23,49,17,0,0,0,0,0,2776168878
cinder,systemic,goal,31124,291,2110,0,2,1,0,100.000,0,0,41,41,0,0,771,77,74,45,0,0,0,0,0,544413003
cinder,systemic,goal,31125,299,2110,0,2,1,0,100.000,0,0,41,41,0,0,792,106,76,72,0,0,0,0,0,2808916528
cinder,systemic,goal,31126,285,2110,0,1,1,0,100.000,0,0,41,41,0,0,754,80,71,32,0,0,0,0,0,1064144288
cinder,systemic,goal,31127,285,2110,0,1,1,0,100.000,0,0,41,41,0,0,754,78,71,32,0,0,0,0,0,3821292079
cinder,systemic,goal,31128,274,1900,16,0,0,1,60.750,0,0,38,38,0,0,730,95,68,52,0,0,0,0,0,3906155916
cinder,classic,random,31001,26,40,186,0,0,1,0.000,0,0,2,2,0,9,69,7,0,0,9,0,0,0,0,2675947771
cinder,classic,random,31002,41,40,186,-2,0,1,0.000,0,0,2,2,0,18,92,19,0,0,18,0,0,0,0,1237030444
cinder,classic,random,31003,39,70,183,-1,0,1,0.000,0,0,2,2,0,21,100,16,0,0,21,0,0,0,0,889475725
cinder,classic,random,31004,42,70,183,-1,0,1,0.000,0,0,2,2,0,17,109,18,0,0,17,0,0,0,0,3737240236
cinder,classic,random,31005,46,60,184,0,0,1,0.000,0,0,2,2,0,15,100,14,0,0,15,0,0,0,0,3521313984
cinder,classic,random,31006,26,40,186,0,0,1,0.000,0,0,2,2,0,9,69,7,0,0,9,0,0,0,0,2832193880
cinder,classic,random,31007,41,40,186,-2,0,1,0.000,0,0,2,2,0,18,92,19,0,0,18,0,0,0,0,1957705857
cinder,classic,random,31008,39,70,183,-1,0,1,0.000,0,0,2,2,0,21,100,16,0,0,21,0,0,0,0,514135532
cinder,classic,random,31009,42,70,183,-1,0,1,0.000,0,0,2,2,0,17,109,18,0,0,17,0,0,0,0,824351673
cinder,classic,random,31010,44,60,184,0,0,1,0.000,0,0,2,2,0,15,96,9,0,0,15,0,0,0,0,1094649410
cinder,classic,random,31011,26,40,186,0,0,1,0.000,0,0,2,2,0,9,69,7,0,0,9,0,0,0,0,1228458585
cinder,classic,random,31012,41,40,186,-2,0,1,0.000,0,0,2,2,0,18,92,19,0,0,18,0,0,0,0,3735891166
cinder,classic,random,31013,39,70,183,-1,0,1,0.000,0,0,2,2,0,21,100,16,0,0,21,0,0,0,0,346428789
cinder,classic,random,31014,42,70,183,-1,0,1,0.000,0,0,2,2,0,17,109,18,0,0,17,0,0,0,0,3946493290
cinder,classic,random,31015,46,60,184,0,0,1,0.000,0,0,2,2,0,15,100,14,0,0,15,0,0,0,0,3662269578
cinder,classic,random,31016,26,40,186,0,0,1,0.000,0,0,2,2,0,9,69,7,0,0,9,0,0,0,0,4180321414
cinder,classic,random,31017,41,40,186,-2,0,1,0.000,0,0,2,2,0,18,92,19,0,0,18,0,0,0,0,1941361283
cinder,classic,random,31018,39,70,183,-2,0,1,0.000,0,0,2,2,0,21,100,20,0,0,21,0,0,0,0,2325329977
cinder,classic,random,31019,42,70,183,-1,0,1,0.000,0,0,2,2,0,17,109,18,0,0,17,0,0,0,0,2278229001
cinder,classic,random,31020,46,60,184,0,0,1,0.000,0,0,2,2,0,15,102,13,0,0,15,0,0,0,0,1201393719
cinder,classic,random,31021,26,40,186,0,0,1,0.000,0,0,2,2,0,9,69,7,0,0,9,0,0,0,0,483623359
cinder,classic,random,31022,41,40,186,-2,0,1,0.000,0,0,2,2,0,18,92,19,0,0,18,0,0,0,0,2882584376
cinder,classic,random,31023,39,70,183,-1,0,1,0.000,0,0,2,2,0,21,100,16,0,0,21,0,0,0,0,2558394295
cinder,classic,random,31024,42,70,183,-1,0,1,0.000,0,0,2,2,0,17,109,18,0,0,17,0,0,0,0,953942088
cinder,classic,random,31025,46,60,184,0,0,1,0.000,0,0,2,2,0,15,102,13,0,0,15,0,0,0,0,1632340334
cinder,classic,random,31026,26,40,186,0,0,1,0.000,0,0,2,2,0,9,69,7,0,0,9,0,0,0,0,3386149980
cinder,classic,random,31027,41,40,186,-2,0,1,0.000,0,0,2,2,0,18,92,19,0,0,18,0,0,0,0,4118750861
cinder,classic,random,31028,39,70,183,-1,0,1,0.000,0,0,2,2,0,21,100,16,0,0,21,0,0,0,0,590330318
cinder,classic,random,31029,42,70,183,-1,0,1,0.000,0,0,2,2,0,17,109,18,0,0,17,0,0,0,0,3131753689
cinder,classic,random,31030,44,60,184,0,0,1,0.000,0,0,2,2,0,15,99,10,0,0,15,0,0,0,0,3828038754
cinder,classic,random,31031,26,40,186,0,0,1,0.000,0,0,2,2,0,9,69,7,0,0,9,0,0,0,0,289482093
cinder,classic,random,31032,41,40,186,-2,0,1,0.000,0,0,2,2,0,18,92,19,0,0,18,0,0,0,0,2668058298
cinder,classic,random,31033,39,70,183,-1,0,1,0.000,0,0,2,2,0,21,100,16,0,0,21,0,0,0,0,305214249
cinder,classic,random,31034,42,70,183,-1,0,1,0.000,0,0,2,2,0,17,109,18,0,0,17,0,0,0,0,2407656598
cinder,classic,random,31035,46,60,184,0,0,1,0.000,0,0,2,2,0,15,102,13,0,0,15,0,0,0,0,1279179012
cinder,classic,random,31036,26,40,186,0,0,1,0.000,0,0,2,2,0,9,69,7,0,0,9,0,0,0,0,1424989466
cinder,classic,random,31037,41,40,186,-2,0,1,0.000,0,0,2,2,0,18,92,19,0,0,18,0,0,0,0,1937701519
cinder,classic,random,31038,39,70,183,-1,0,1,0.000,0,0,2,2,0,21,100,16,0,0,21,0,0,0,0,1985094716
cinder,classic,random,31039,39,70,183,0,0,1,0.000,0,0,2,2,0,16,100,14,0,0,16,0,0,0,0,4083531210
cinder,classic,random,31040,44,60,184,0,0,1,0.000,0,0,2,2,0,15,96,9,0,0,15,0,0,0,0,483359104
cinder,classic,random,31041,26,40,186,0,0,1,0.000,0,0,2,2,0,9,69,7,0,0,9,0,0,0,0,2043881203
cinder,classic,random,31042,41,40,186,-2,0,1,0.000,0,0,2,2,0,18,92,19,0,0,18,0,0,0,0,3000688772
cinder,classic,random,31043,39,70,183,-1,0,1,0.000,0,0,2,2,0,21,100,16,0,0,21,0,0,0,0,4045017093
cinder,classic,random,31044,42,70,183,-1,0,1,0.000,0,0,2,2,0,17,109,18,0,0,17,0,0,0,0,3712513826
cinder,classic,random,31045,44,60,184,0,0,1,0.000,0,0,2,2,0,15,96,10,0,0,15,0,0,0,0,623742289
cinder,classic,random,31046,26,40,186,0,0,1,0.000,0,0,2,2,0,9,69,7,0,0,9,0,0,0,0,4146927536
cinder,classic,random,31047,41,40,186,-2,0,1,0.000,0,0,2,2,0,18,92,19,0,0,18,0,0,0,0,1366031865
cinder,classic,random,31048,39,70,183,-1,0,1,0.000,0,0,2,2,0,21,100,16,0,0,21,0,0,0,0,1013038186
cinder,classic,random,31049,42,70,183,-1,0,1,0.000,0,0,2,2,0,17,109,18,0,0,17,0,0,0,0,3826750661
cinder,classic,random,31050,44,60,184,0,0,1,0.000,0,0,2,2,0,15,96,10,0,0,15,0,0,0,0,2957160026
cinder,classic,random,31051,26,40,186,0,0,1,0.000,0,0,2,2,0,9,69,7,0,0,9,0,0,0,0,3298896113
cinder,classic,random,31052,41,40,186,-2,0,1,0.000,0,0,2,2,0,18,92,19,0,0,18,0,0,0,0,100910486
cinder,classic,random,31053,39,70,183,-1,0,1,0.000,0,0,2,2,0,21,100,16,0,0,21,0,0,0,0,2863062285
cinder,classic,random,31054,42,70,183,-1,0,1,0.000,0,0,2,2,0,17,109,18,0,0,17,0,0,0,0,3513106756
cinder,classic,random,31055,46,60,184,0,0,1,0.000,0,0,2,2,0,15,100,14,0,0,15,0,0,0,0,2793028354
cinder,classic,random,31056,26,40,186,0,0,1,0.000,0,0,2,2,0,9,69,7,0,0,9,0,0,0,0,3597449342
cinder,classic,random,31057,41,40,186,-2,0,1,0.000,0,0,2,2,0,18,92,19,0,0,18,0,0,0,0,3839317787
cinder,classic,random,31058,39,70,183,-1,0,1,0.000,0,0,2,2,0,21,100,16,0,0,21,0,0,0,0,646944808
cinder,classic,random,31059,42,70,183,-1,0,1,0.000,0,0,2,2,0,17,109,18,0,0,17,0,0,0,0,3508169659
cinder,classic,random,31060,44,60,184,0,0,1,0.000,0,0,2,2,0,15,96,10,0,0,15,0,0,0,0,2139381756
cinder,classic,random,31061,26,40,186,0,0,1,0.000,0,0,2,2,0,9,69,7,0,0,9,0,0,0,0,3005854871
cinder,classic,random,31062,41,40,186,-2,0,1,0.000,0,0,2,2,0,18,92,19,0,0,18,0,0,0,0,2364866032
cinder,classic,random,31063,39,70,183,-1,0,1,0.000,0,0,2,2,0,21,100,16,0,0,21,0,0,0,0,3175165329
cinder,classic,random,31064,42,70,183,-1,0,1,0.000,0,0,2,2,0,17,109,18,0,0,17,0,0,0,0,183720422
cinder,classic,random,31065,44,60,184,0,0,1,0.000,0,0,2,2,0,15,99,10,0,0,15,0,0,0,0,4202022217
cinder,classic,random,31066,26,40,186,0,0,1,0.000,0,0,2,2,0,9,69,7,0,0,9,0,0,0,0,1012092340
cinder,classic,random,31067,41,40,186,-2,0,1,0.000,0,0,2,2,0,18,92,19,0,0,18,0,0,0,0,1903055397
cinder,classic,random,31068,39,70,183,-1,0,1,0.000,0,0,2,2,0,21,100,16,0,0,21,0,0,0,0,3571281286
cinder,classic,random,31069,42,70,183,-1,0,1,0.000,0,0,2,2,0,17,109,18,0,0,17,0,0,0,0,2561454453
cinder,classic,random,31070,44,60,184,0,0,1,0.000,0,0,2,2,0,15,96,10,0,0,15,0,0,0,0,3270586854
cinder,classic,random,31071,26,40,186,0,0,1,0.000,0,0,2,2,0,9,69,7,0,0,9,0,0,0,0,3265349093
cinder,classic,random,31072,41,40,186,-2,0,1,0.000,0,0,2,2,0,18,92,19,0,0,18,0,0,0,0,628626322
cinder,classic,random,31073,39,70,183,-1,0,1,0.000,0,0,2,2,0,21,100,16,0,0,21,0,0,0,0,1280596447
cinder,classic,random,31074,42,70,183,-1,0,1,0.000,0,0,2,2,0,17,109,18,0,0,17,0,0,0,0,4292900326
cinder,classic,random,31075,44,60,184,0,0,1,0.000,0,0,2,2,0,15,96,10,0,0,15,0,0,0,0,1901160719
cinder,classic,random,31076,26,40,186,0,0,1,0.000,0,0,2,2,0,9,69,7,0,0,9,0,0,0,0,1362135346
cinder,classic,random,31077,41,40,186,-2,0,1,0.000,0,0,2,2,0,18,92,19,0,0,18,0,0,0,0,135494855
cinder,classic,random,31078,39,70,183,-1,0,1,0.000,0,0,2,2,0,21,100,16,0,0,21,0,0,0,0,1605265012
cinder,classic,random,31079,42,70,183,-1,0,1,0.000,0,0,2,2,0,17,109,18,0,0,17,0,0,0,0,3437793407
cinder,classic,random,31080,46,60,184,0,0,1,0.000,0,0,2,2,0,15,102,13,0,0,15,0,0,0,0,2369708011
cinder,classic,random,31081,26,40,186,0,0,1,0.000,0,0,2,2,0,9,69,7,0,0,9,0,0,0,0,2858046347
cinder,classic,random,31082,41,40,186,-2,0,1,0.000,0,0,2,2,0,18,92,19,0,0,18,0,0,0,0,635854460
cinder,classic,random,31083,39,70,183,-1,0,1,0.000,0,0,2,2,0,21,100,16,0,0,21,0,0,0,0,3566723155
cinder,classic,random,31084,42,70,183,-1,0,1,0.000,0,0,2,2,0,17,109,18,0,0,17,0,0,0,0,532656128
cinder,classic,random,31085,44,60,184,0,0,1,0.000,0,0,2,2,0,15,99,10,0,0,15,0,0,0,0,676663717
cinder,classic,random,31086,26,40,186,0,0,1,0.000,0,0,2,2,0,9,69,7,0,0,9,0,0,0,0,1203764136
cinder,classic,random,31087,41,40,186,-2,0,1,0.000,0,0,2,2,0,18,92,19,0,0,18,0,0,0,0,831090129
cinder,classic,random,31088,39,70,183,-1,0,1,0.000,0,0,2,2,0,21,100,16,0,0,21,0,0,0,0,1370032002
cinder,classic,random,31089,39,70,183,0,0,1,0.000,0,0,2,2,0,16,100,14,0,0,16,0,0,0,0,2258460612
cinder,classic,random,31090,46,60,184,0,0,1,0.000,0,0,2,2,0,15,102,13,0,0,15,0,0,0,0,420137545
cinder,classic,random,31091,26,40,186,0,0,1,0.000,0,0,2,2,0,9,69,7,0,0,9,0,0,0,0,3371056233
cinder,classic,random,31092,41,40,186,-2,0,1,0.000,0,0,2,2,0,18,92,19,0,0,18,0,0,0,0,1983894638
cinder,classic,random,31093,39,70,183,-1,0,1,0.000,0,0,2,2,0,21,100,16,0,0,21,0,0,0,0,369054341
cinder,classic,random,31094,42,70,183,-1,0,1,0.000,0,0,2,2,0,17,109,18,0,0,17,0,0,0,0,2619231388
cinder,classic,random,31095,44,60,184,0,0,1,0.000,0,0,2,2,0,15,99,10,0,0,15,0,0,0,0,3828340199
cinder,classic,random,31096,26,40,186,0,0,1,0.000,0,0,2,2,0,9,69,7,0,0,9,0,0,0,0,3962541078
cinder,classic,random,31097,41,40,186,-2,0,1,0.000,0,0,2,2,0,18,92,19,0,0,18,0,0,0,0,3947784595
cinder,classic,random,31098,39,70,183,-1,0,1,0.000,0,0,2,2,0,21,100,16,0,0,21,0,0,0,0,4138875054
cinder,classic,random,31099,39,70,183,0,0,1,0.000,0,0,2,2,0,16,100,14,0,0,16,0,0,0,0,1296811630
cinder,classic,random,31100,44,60,184,0,0,1,0.000,0,0,2,2,0,15,99,10,0,0,15,0,0,0,0,1873611496
cinder,classic,random,31101,26,40,186,0,0,1,0.000,0,0,2,2,0,9,69,7,0,0,9,0,0,0,0,2013547151
cinder,classic,random,31102,41,40,186,-2,0,1,0.000,0,0,2,2,0,18,92,19,0,0,18,0,0,0,0,3698035144
cinder,classic,random,31103,39,70,183,-1,0,1,0.000,0,0,2,2,0,21,100,16,0,0,21,0,0,0,0,3856047497
cinder,classic,random,31104,39,70,183,0,0,1,0.000,0,0,2,2,0,16,100,14,0,0,16,0,0,0,0,1733995337
cinder,classic,random,31105,44,60,184,0,0,1,0.000,0,0,2,2,0,15,99,10,0,0,15,0,0,0,0,1408220849
cinder,classic,random,31106,26,40,186,0,0,1,0.000,0,0,2,2,0,9,69,7,0,0,9,0,0,0,0,4289748012
cinder,classic,random,31107,41,40,186,-2,0,1,0.000,0,0,2,2,0,18,92,19,0,0,18,0,0,0,0,3930364893
cinder,classic,random,31108,39,70,183,-2,0,1,0.000,0,0,2,2,0,21,100,20,0,0,21,0,0,0,0,2850029143
cinder,classic,random,31109,39,70,183,0,0,1,0.000,0,0,2,2,0,16,100,14,0,0,16,0,0,0,0,4040469456
cinder,classic,random,31110,44,60,184,0,0,1,0.000,0,0,2,2,0,15,96,10,0,0,15,0,0,0,0,40855294
cinder,classic,random,31111,26,40,186,0,0,1,0.000,0,0,2,2,0,9,69,7,0,0,9,0,0,0,0,3384544829
cinder,classic,random,31112,41,40,186,-2,0,1,0.000,0,0,2,2,0,18,92,19,0,0,18,0,0,0,0,3121066378
cinder,classic,random,31113,39,70,183,-1,0,1,0.000,0,0,2,2,0,21,100,16,0,0,21,0,0,0,0,4050245049
cinder,classic,random,31114,42,70,183,-1,0,1,0.000,0,0,2,2,0,17,109,18,0,0,17,0,0,0,0,2702935758
cinder,classic,random,31115,46,60,184,0,0,1,0.000,0,0,2,2,0,15,100,14,0,0,15,0,0,0,0,658477070
cinder,classic,random,31116,26,40,186,0,0,1,0.000,0,0,2,2,0,9,69,7,0,0,9,0,0,0,0,1353848426
cinder,classic,random,31117,41,40,186,-2,0,1,0.000,0,0,2,2,0,18,92,19,0,0,18,0,0,0,0,4185482591
cinder,classic,random,31118,39,70,183,-1,0,1,0.000,0,0,2,2,0,21,100,16,0,0,21,0,0,0,0,4048730508
cinder,classic,random,31119,42,70,183,-1,0,1,0.000,0,0,2,2,0,17,109,18,0,0,17,0,0,0,0,2556480087
cinder,classic,random,31120,44,60,184,0,0,1,0.000,0,0,2,2,0,15,96,10,0,0,15,0,0,0,0,1623256784
cinder,classic,random,31121,26,40,186,0,0,1,0.000,0,0,2,2,0,9,69,7,0,0,9,0,0,0,0,2244593859
cinder,classic,random,31122,41,40,186,-2,0,1,0.000,0,0,2,2,0,18,92,19,0,0,18,0,0,0,0,2148708948
cinder,classic,random,31123,39,70,183,-2,0,1,0.000,0,0,2,2,0,21,100,20,0,0,21,0,0,0,0,3811495112
cinder,classic,random,31124,42,70,183,-1,0,1,0.000,0,0,2,2,0,17,109,18,0,0,17,0,0,0,0,4106839060
cinder,classic,random,31125,44,60,184,0,0,1,0.000,0,0,2,2,0,15,96,9,0,0,15,0,0,0,0,988615265
cinder,classic,random,31126,26,40,186,0,0,1,0.000,0,0,2,2,0,9,69,7,0,0,9,0,0,0,0,1468100416
cinder,classic,random,31127,41,40,186,-2,0,1,0.000,0,0,2,2,0,18,92,19,0,0,18,0,0,0,0,1156095561
cinder,classic,random,31128,39,70,183,-1,0,1,0.000,0,0,2,2,0,21,100,16,0,0,21,0,0,0,0,1677602298
cinder,systemic,random,31001,300,270,163,4,0,1,3.250,0,0,5,5,0,111,819,0,81,0,111,0,0,0,0,3924949743
cinder,systemic,random,31002,300,80,182,4,0,1,0.000,0,0,3,3,0,125,819,3,81,16,125,0,0,0,0,430009409
cinder,systemic,random,31003,70,150,175,0,0,1,0.000,0,0,4,4,0,29,197,8,0,0,29,0,0,0,0,570643623
cinder,systemic,random,31004,300,230,167,4,0,1,1.050,0,0,4,4,0,128,819,0,81,0,128,0,0,0,0,2635596198
cinder,systemic,random,31005,100,90,181,0,0,1,0.000,0,0,3,3,0,41,284,7,4,0,41,0,0,0,0,2490719061
cinder,systemic,random,31006,300,270,163,4,0,1,3.250,0,0,5,5,0,111,819,0,81,0,111,0,0,0,0,2583113454
cinder,systemic,random,31007,300,80,182,4,0,1,0.000,0,0,3,3,0,125,819,0,81,0,125,0,0,0,0,3236495270
cinder,systemic,random,31008,70,150,175,0,0,1,0.000,0,0,4,4,0,29,190,10,0,1,29,0,0,0,0,3120908688
cinder,systemic,random,31009,300,230,167,4,0,1,1.050,0,0,4,4,0,128,819,0,81,0,128,0,0,0,0,4282803289
cinder,systemic,random,31010,300,130,177,4,0,1,0.000,0,0,3,3,0,136,819,0,81,0,136,0,0,0,0,1324803843
cinder,systemic,random,31011,300,270,163,4,0,1,3.250,0,0,5,5,0,111,819,0,81,0,111,0,0,0,0,157722253
cinder,systemic,random,31012,300,80,182,4,0,1,0.000,0,0,3,3,0,125,819,0,81,0,125,0,0,0,0,4136763753
cinder,systemic,random,31013,300,190,171,4,0,1,2.050,0,0,5,5,0,126,819,2,81,9,126,0,0,0,0,299441699
cinder,systemic,random,31014,300,230,167,4,0,1,1.050,0,0,4,4,0,128,819,0,81,0,128,0,0,0,0,1941189140
cinder,systemic,random,31015,300,130,177,4,0,1,0.000,0,0,3,3,0,136,819,0,81,0,136,0,0,0,0,3819739722
cinder,systemic,random,31016,300,270,163,4,0,1,3.250,0,0,5,5,0,111,819,0,81,0,111,0,0,0,0,2286822146
cinder,systemic,random,31017,300,80,182,4,0,1,0.000,0,0,3,3,0,125,819,0,81,0,125,0,0,0,0,790537246
cinder,systemic,random,31018,104,170,173,0,0,1,0.000,0,0,4,4,0,44,297,7,3,0,44,0,0,0,0,1852536251
cinder,systemic,random,31019,300,230,167,4,0,1,1.050,0,0,4,4,0,128,819,0,81,0,128,0,0,0,0,3267102701
cinder,systemic,random,31020,300,130,177,4,0,1,0.000,0,0,3,3,0,136,819,0,81,0,136,0,0,0,0,3438032117
cinder,systemic,random,31021,300,270,163,4,0,1,3.250,0,0,5,5,0,111,819,0,81,0,111,0,0,0,0,2248485527
cinder,systemic,random,31022,300,80,182,4,0,1,0.000,0,0,3,3,0,125,819,0,81,0,125,0,0,0,0,2281852593
cinder,systemic,random,31023,300,190,171,4,0,1,2.050,0,0,5,5,0,126,819,0,81,0,126,0,0,0,0,2017315505
cinder,systemic,random,31024,300,230,167,4,0,1,1.050,0,0,4,4,0,128,819,0,81,0,128,0,0,0,0,734914490
cinder,systemic,random,31025,300,130,177,4,0,1,0.000,0,0,3,3,0,136,819,0,81,0,136,0,0,0,0,2432267534
cinder,systemic,random,31026,298,270,163,0,0,1,0.000,0,0,5,5,0,111,803,9,79,1,111,0,0,0,0,588451787
cinder,systemic,random,31027,300,80,182,4,0,1,0.000,0,0,3,3,0,125,819,0,81,0,125,0,0,0,0,1260826224
cinder,systemic,random,31028,70,150,175,0,0,1,0.000,0,0,4,4,0,29,197,8,0,0,29,0,0,0,0,290510998
cinder,systemic,random,31029,300,230,167,4,0,1,1.050,0,0,4,4,0,128,819,0,81,0,128,0,0,0,0,3958204785
cinder,systemic,random,31030,300,130,177,4,0,1,0.000,0,0,3,3,0,136,819,0,81,0,136,0,0,0,0,931973297
cinder,systemic,random,31031,300,270,163,4,0,1,3.250,0,0,5,5,0,111,819,0,81,0,111,0,0,0,0,3183334315
cinder,systemic,random,31032,64,40,186,0,0,1,0.000,0,0,2,2,0,25,179,12,0,3,25,0,0,0,0,1983964241
cinder,systemic,random,31033,97,170,173,0,0,1,0.000,0,0,4,4,0,41,276,11,3,1,41,0,0,0,0,504354189
cinder,systemic,random,31034,300,230,167,4,0,1,1.050,0,0,4,4,0,128,819,0,81,0,128,0,0,0,0,1227440106
cinder,systemic,random,31035,300,130,177,4,0,1,0.000,0,0,3,3,0,136,819,0,81,0,136,0,0,0,0,1909402950
cinder,systemic,random,31036,300,270,163,4,0,1,3.250,0,0,5,5,0,111,819,0,81,0,111,0,0,0,0,3954972142
cinder,systemic,random,31037,300,80,182,4,0,1,0.000,0,0,3,3,0,125,819,0,81,0,125,0,0,0,0,4198205974
cinder,systemic,random,31038,300,190,171,2,0,1,2.050,0,0,5,5,0,126,812,11,80,8,126,0,0,0,0,448395322
cinder,systemic,random,31039,300,230,167,4,0,1,1.050,0,0,4,4,0,128,819,0,81,0,128,0,0,0,0,165752587
cinder,systemic,random,31040,300,130,177,4,0,1,0.000,0,0,3,3,0,136,819,0,81,0,136,0,0,0,0,4197137859
cinder,systemic,random,31041,300,270,163,4,0,1,3.250,0,0,5,5,0,111,819,0,81,0,111,0,0,0,0,3762308217
cinder,systemic,random,31042,144,80,182,0,0,1,0.000,0,0,3,3,0,63,401,11,19,11,63,0,0,0,0,1570559417
cinder,systemic,random,31043,70,150,175,0,0,1,0.000,0,0,4,4,0,29,197,8,0,0,29,0,0,0,0,514996837
cinder,systemic,random,31044,161,160,174,0,0,1,0.000,0,0,4,4,0,64,446,7,25,3,64,0,0,0,0,2748811533
cinder,systemic,random,31045,300,130,177,4,0,1,0.000,0,0,3,3,0,136,819,0,81,0,136,0,0,0,0,3077796592
cinder,systemic,random,31046,300,270,163,4,0,1,3.250,0,0,5,5,0,111,819,0,81,0,111,0,0,0,0,890620996
cinder,systemic,random,31047,300,80,182,4,0,1,0.000,0,0,3,3,0,125,819,0,81,0,125,0,0,0,0,4268251218
cinder,systemic,random,31048,300,190,171,4,0,1,2.050,0,0,5,5,0,126,819,0,81,0,126,0,0,0,0,920113810
cinder,systemic,random,31049,300,230,167,4,0,1,1.050,0,0,4,4,0,128,819,0,81,0,128,0,0,0,0,2687904019
cinder,systemic,random,31050,300,130,177,4,0,1,0.000,0,0,3,3,0,136,819,0,81,0,136,0,0,0,0,700751275
cinder,systemic,random,31051,300,270,163,4,0,1,3.250,0,0,5,5,0,111,819,0,81,0,111,0,0,0,0,1329784485
cinder,systemic,random,31052,300,80,182,4,0,1,0.000,0,0,3,3,0,125,819,0,81,0,125,0,0,0,0,1353239565
cinder,systemic,random,31053,76,150,175,0,0,1,0.000,0,0,4,4,0,29,216,12,0,0,29,0,0,0,0,4275408620
cinder,systemic,random,31054,300,230,167,4,0,1,1.050,0,0,4,4,0,128,819,0,81,0,128,0,0,0,0,2578092788
cinder,systemic,random,31055,300,130,177,4,0,1,0.000,0,0,3,3,0,136,819,0,81,0,136,0,0,0,0,1894346480
cinder,systemic,random,31056,300,270,163,4,0,1,3.250,0,0,5,5,0,111,819,0,81,0,111,0,0,0,0,2228994490
cinder,systemic,random,31057,300,80,182,4,0,1,0.000,0,0,3,3,0,125,819,0,81,0,125,0,0,0,0,2563086482
cinder,systemic,random,31058,300,190,171,4,0,1,2.050,0,0,5,5,0,126,819,5,81,9,126,0,0,0,0,1145980464
cinder,systemic,random,31059,300,230,167,4,0,1,1.050,0,0,4,4,0,128,819,0,81,0,128,0,0,0,0,4065539345
cinder,systemic,random,31060,300,130,177,4,0,1,0.000,0,0,3,3,0,136,819,0,81,0,136,0,0,0,0,2564981425
cinder,systemic,random,31061,300,270,163,4,0,1,3.250,0,0,5,5,0,111,819,0,81,0,111,0,0,0,0,3572254465
cinder,systemic,random,31062,300,80,182,4,0,1,0.000,0,0,3,3,0,125,819,0,81,0,125,0,0,0,0,1212029567
cinder,systemic,random,31063,300,190,171,4,0,1,2.050,0,0,5,5,0,126,819,0,81,0,126,0,0,0,0,1403815555
cinder,systemic,random,31064,300,230,167,4,0,1,1.050,0,0,4,4,0,128,819,0,81,0,128,0,0,0,0,2200508262
cinder,systemic,random,31065,300,130,177,4,0,1,0.000,0,0,3,3,0,136,819,0,81,0,136,0,0,0,0,2323927622
cinder,systemic,random,31066,300,270,163,4,0,1,3.250,0,0,5,5,0,111,819,0,81,0,111,0,0,0,0,259260960
cinder,systemic,random,31067,300,80,182,4,0,1,0.000,0,0,3,3,0,125,819,0,81,0,125,0,0,0,0,1232267430
cinder,systemic,random,31068,300,190,171,4,0,1,2.050,0,0,5,5,0,126,819,0,81,0,126,0,0,0,0,1007881000
cinder,systemic,random,31069,173,160,174,0,0,1,0.000,0,0,4,4,0,69,477,7,30,0,69,0,0,0,0,397819257
cinder,systemic,random,31070,300,130,177,4,0,1,0.000,0,0,3,3,0,136,819,0,81,0,136,0,0,0,0,956723817
cinder,systemic,random,31071,300,270,163,4,0,1,3.250,0,0,5,5,0,111,819,0,81,0,111,0,0,0,0,1346780505
cinder,systemic,random,31072,300,80,182,4,0,1,0.000,0,0,3,3,0,125,819,0,81,0,125,0,0,0,0,545410703
cinder,systemic,random,31073,300,190,171,4,0,1,2.050,0,0,5,5,0,126,819,1,81,8,126,0,0,0,0,1673689697
cinder,systemic,random,31074,300,230,167,4,0,1,1.050,0,0,4,4,0,128,819,0,81,0,128,0,0,0,0,1422671758
cinder,systemic,random,31075,300,130,177,4,0,1,0.000,0,0,3,3,0,136,819,0,81,0,136,0,0,0,0,919930068
cinder,systemic,random,31076,300,270,163,4,0,1,3.250,0,0,5,5,0,111,819,0,81,0,111,0,0,0,0,4176033162
cinder,systemic,random,31077,300,80,182,4,0,1,0.000,0,0,3,3,0,125,819,0,81,0,125,0,0,0,0,1007050418
cinder,systemic,random,31078,76,150,175,0,0,1,0.000,0,0,4,4,0,29,205,12,0,0,29,0,0,0,0,3461102907
cinder,systemic,random,31079,300,230,167,4,0,1,1.050,0,0,4,4,0,128,819,0,81,0,128,0,0,0,0,2789167749
cinder,systemic,random,31080,300,130,177,4,0,1,0.000,0,0,3,3,0,136,819,3,81,8,136,0,0,0,0,1168711189
cinder,systemic,random,31081,55,60,184,0,0,1,0.000,0,0,2,2,0,20,153,11,0,0,20,0,0,0,0,1119642139
cinder,systemic,random,31082,300,80,182,4,0,1,0.000,0,0,3,3,0,125,819,0,81,0,125,0,0,0,0,2211930579
cinder,systemic,random,31083,300,190,171,4,0,1,2.050,0,0,5,5,0,126,819,0,81,0,126,0,0,0,0,4280491165
cinder,systemic,random,31084,300,230,167,4,0,1,1.050,0,0,4,4,0,128,819,0,81,0,128,0,0,0,0,1307647854
cinder,systemic,random,31085,300,130,177,4,0,1,0.000,0,0,3,3,0,136,819,0,81,0,136,0,0,0,0,2972496444
cinder,systemic,random,31086,300,270,163,4,0,1,3.250,0,0,5,5,0,111,819,0,81,0,111,0,0,0,0,4150459874
cinder,systemic,random,31087,300,80,182,4,0,1,0.000,0,0,3,3,0,125,819,0,81,0,125,0,0,0,0,701283706
cinder,systemic,random,31088,300,190,171,4,0,1,2.050,0,0,5,5,0,126,819,0,81,0,126,0,0,0,0,1163328676
cinder,systemic,random,31089,300,230,167,4,0,1,1.050,0,0,4,4,0,128,819,0,81,0,128,0,0,0,0,3419366103
cinder,systemic,random,31090,300,130,177,4,0,1,0.000,0,0,3,3,0,136,819,0,81,0,136,0,0,0,0,3501207707
cinder,systemic,random,31091,300,270,163,4,0,1,3.250,0,0,5,5,0,111,819,0,81,0,111,0,0,0,0,2587558109
cinder,systemic,random,31092,287,80,182,0,0,1,0.000,0,0,3,3,0,121,774,13,75,13,121,0,0,0,0,2100345711
cinder,systemic,random,31093,70,150,175,0,0,1,0.000,0,0,4,4,0,29,191,9,0,2,29,0,0,0,0,1597813693
cinder,systemic,random,31094,300,230,167,4,0,1,1.050,0,0,4,4,0,128,819,0,81,0,128,0,0,0,0,2370122724
cinder,systemic,random,31095,79,70,183,0,0,1,0.000,0,0,2,2,0,32,225,8,0,0,32,0,0,0,0,3021215067
cinder,systemic,random,31096,300,270,163,4,0,1,3.250,0,0,5,5,0,111,819,0,81,0,111,0,0,0,0,2255080118
cinder,systemic,random,31097,300,80,182,4,0,1,0.000,0,0,3,3,0,125,819,0,81,0,125,0,0,0,0,4141849052
cinder,systemic,random,31098,300,190,171,4,0,1,2.050,0,0,5,5,0,126,819,1,81,8,126,0,0,0,0,2900415584
cinder,systemic,random,31099,300,230,167,4,0,1,1.050,0,0,4,4,0,128,819,0,81,0,128,0,0,0,0,3676839749
cinder,systemic,random,31100,300,130,177,4,0,1,0.000,0,0,3,3,0,136,819,0,81,0,136,0,0,0,0,2314828293
cinder,systemic,random,31101,300,270,163,4,0,1,3.250,0,0,5,5,0,111,819,0,81,0,111,0,0,0,0,2988611119
cinder,systemic,random,31102,292,80,182,0,0,1,0.000,0,0,3,3,0,122,788,9,76,1,122,0,0,0,0,4139774827
cinder,systemic,random,31103,300,190,171,4,0,1,2.050,0,0,5,5,0,126,819,0,81,0,126,0,0,0,0,1445678513
cinder,systemic,random,31104,300,230,167,4,0,1,1.050,0,0,4,4,0,128,819,0,81,0,128,0,0,0,0,2113287116
cinder,systemic,random,31105,300,130,177,4,0,1,0.000,0,0,3,3,0,136,819,0,81,0,136,0,0,0,0,2917806
cinder,systemic,random,31106,300,270,163,4,0,1,3.250,0,0,5,5,0,111,819,0,81,0,111,0,0,0,0,1620563708
cinder,systemic,random,31107,300,80,182,4,0,1,0.000,0,0,3,3,0,125,819,0,81,0,125,0,0,0,0,559606172
cinder,systemic,random,31108,75,150,175,0,0,1,0.000,0,0,4,4,0,29,213,7,0,1,29,0,0,0,0,1261495274
cinder,systemic,random,31109,300,230,167,4,0,1,1.050,0,0,4,4,0,128,819,0,81,0,128,0,0,0,0,2238008597
cinder,systemic,random,31110,300,130,177,4,0,1,0.000,0,0,3,3,0,136,819,0,81,0,136,0,0,0,0,3355542303
cinder,systemic,random,31111,300,270,163,4,0,1,3.250,0,0,5,5,0,111,819,0,81,0,111,0,0,0,0,3698422247
cinder,systemic,random,31112,300,80,182,4,0,1,0.000,0,0,3,3,0,125,819,0,81,0,125,0,0,0,0,1796940073
cinder,systemic,random,31113,300,190,171,4,0,1,2.050,0,0,5,5,0,126,819,0,81,0,126,0,0,0,0,1395541843
cinder,systemic,random,31114,300,230,167,4,0,1,1.050,0,0,4,4,0,128,819,0,81,0,128,0,0,0,0,702318082
cinder,systemic,random,31115,300,130,177,4,0,1,0.000,0,0,3,3,0,136,819,0,81,0,136,0,0,0,0,3061252398
cinder,systemic,random,31116,300,270,163,1,0,1,3.250,0,0,5,5,0,111,808,8,80,8,111,0,0,0,0,527983173
cinder,systemic,random,31117,300,80,182,4,0,1,0.000,0,0,3,3,0,125,819,0,81,0,125,0,0,0,0,1494086850
cinder,systemic,random,31118,300,190,171,4,0,1,2.050,0,0,5,5,0,126,819,0,81,0,126,0,0,0,0,1571505146
cinder,systemic,random,31119,300,230,167,4,0,1,1.050,0,0,4,4,0,128,819,0,81,0,128,0,0,0,0,2783637487
cinder,systemic,random,31120,300,130,177,4,0,1,0.000,0,0,3,3,0,136,819,0,81,0,136,0,0,0,0,1427103573
cinder,systemic,random,31121,273,230,167,0,0,1,0.000,0,0,5,5,0,101,738,21,69,0,101,0,0,0,0,319156879
cinder,systemic,random,31122,300,80,182,4,0,1,0.000,0,0,3,3,0,125,819,0,81,0,125,0,0,0,0,1000499067
cinder,systemic,random,31123,300,190,171,4,0,1,2.050,0,0,5,5,0,126,819,0,81,0,126,0,0,0,0,3288683953
cinder,systemic,random,31124,300,230,167,4,0,1,1.050,0,0,4,4,0,128,819,0,81,0,128,0,0,0,0,2113275426
cinder,systemic,random,31125,300,130,177,4,0,1,0.000,0,0,3,3,0,136,819,0,81,0,136,0,0,0,0,997062900
cinder,systemic,random,31126,300,270,163,4,0,1,3.250,0,0,5,5,0,111,819,0,81,0,111,0,0,0,0,2198745040
cinder,systemic,random,31127,300,80,182,4,0,1,0.000,0,0,3,3,0,125,819,0,81,0,125,0,0,0,0,785311704
cinder,systemic,random,31128,300,190,171,4,0,1,2.050,0,0,5,5,0,126,819,0,81,0,126,0,0,0,0,3872926536
slipgate,classic,goal,31001,222,1750,29,0,0,1,87.550,1,1,32,32,1,0,630,298,0,0,0,0,1,0,0,3734583089
slipgate,classic,goal,31002,212,1670,37,0,0,1,87.450,1,1,29,29,1,0,600,267,0,0,0,0,1,0,0,1649315478
slipgate,classic,goal,31003,183,1390,60,0,0,1,78.150,0,0,25,25,0,0,525,298,0,0,0,0,0,0,0,635083269
slipgate,classic,goal,31004,183,1390,60,0,0,1,78.150,0,0,25,25,0,0,525,305,0,0,0,0,0,0,0,3897579178
slipgate,classic,goal,31005,183,1390,60,0,0,1,78.150,0,0,25,25,0,0,525,306,0,0,0,0,0,0,0,2219017077
slipgate,classic,goal,31006,224,1500,49,0,0,1,73.450,5,5,35,35,5,0,648,402,0,0,0,0,5,4,0,4189464397
slipgate,classic,goal,31007,183,1390,60,0,0,1,78.150,0,0,25,25,0,0,525,299,0,0,0,0,0,0,0,2645268507
slipgate,classic,goal,31008,183,1390,60,0,0,1,78.150,0,0,25,25,0,0,525,298,0,0,0,0,0,0,0,1224052198
slipgate,classic,goal,31009,183,1390,60,0,0,1,78.150,0,0,25,25,0,0,525,299,0,0,0,0,0,0,0,3670719631
slipgate,classic,goal,31010,183,1390,60,0,0,1,78.150,0,0,25,25,0,0,525,304,0,0,0,0,0,0,0,236533634
slipgate,classic,goal,31011,156,1220,82,0,0,1,86.200,0,0,20,20,0,0,432,196,0,0,0,0,0,0,0,3871786462
slipgate,classic,goal,31012,183,1390,60,0,0,1,78.150,0,0,25,25,0,0,525,305,0,0,0,0,0,0,0,1647021820
slipgate,classic,goal,31013,156,1220,82,0,0,1,86.200,0,0,20,20,0,0,432,201,0,0,0,0,0,0,0,1076450812
slipgate,classic,goal,31014,135,980,101,0,0,1,70.000,0,0,18,18,0,0,381,182,0,0,0,0,0,0,0,2918828317
slipgate,classic,goal,31015,183,1390,60,0,0,1,78.150,0,0,25,25,0,0,525,305,0,0,0,0,0,0,0,932082497
slipgate,classic,goal,31016,222,1750,29,0,0,1,87.550,1,1,32,32,1,0,630,291,0,0,0,0,1,0,0,777606706
slipgate,classic,goal,31017,183,1390,60,0,0,1,78.150,0,0,25,25,0,0,525,299,0,0,0,0,0,0,0,253561219
slipgate,classic,goal,31018,183,1390,60,0,0,1,78.150,0,0,25,25,0,0,525,298,0,0,0,0,0,0,0,1067265422
slipgate,classic,goal,31019,156,1220,82,0,0,1,86.200,0,0,20,20,0,0,432,196,0,0,0,0,0,0,0,3775823362
slipgate,classic,goal,31020,183,1390,60,0,0,1,78.150,0,0,25,25,0,0,525,305,0,0,0,0,0,0,0,946532824
slipgate,classic,goal,31021,183,1390,60,0,0,1,78.150,0,0,25,25,0,0,525,298,0,0,0,0,0,0,0,2894425695
slipgate,classic,goal,31022,183,1390,60,0,0,1,78.150,0,0,25,25,0,0,525,299,0,0,0,0,0,0,0,30647686
slipgate,classic,goal,31023,167,1240,80,0,0,1,83.750,0,0,20,20,0,0,465,228,0,0,0,0,0,0,0,3382171910
slipgate,classic,goal,31024,183,1390,60,0,0,1,78.150,0,0,25,25,0,0,525,299,0,0,0,0,0,0,0,4252802788
slipgate,classic,goal,31025,156,1220,82,0,0,1,86.200,0,0,20,20,0,0,432,197,0,0,0,0,0,0,0,3619283980
slipgate,classic,goal,31026,183,1390,60,0,0,1,78.150,0,0,25,25,0,0,525,297,0,0,0,0,0,0,0,2378079558
slipgate,classic,goal,31027,156,1220,82,0,0,1,86.200,0,0,20,20,0,0,432,202,0,0,0,0,0,0,0,972254984
slipgate,classic,goal,31028,183,1390,60,0,0,1,78.150,0,0,25,25,0,0,525,299,0,0,0,0,0,0,0,369152754
slipgate,classic,goal,31029,167,1240,80,0,0,1,83.750,0,0,20,20,0,0,465,233,0,0,0,0,0,0,0,1925358472
slipgate,classic,goal,31030,183,1390,60,0,0,1,78.150,0,0,25,25,0,0,525,305,0,0,0,0,0,0,0,3808399458
slipgate,classic,goal,31031,183,1390,60,0,0,1,78.150,0,0,25,25,0,0,525,306,0,0,0,0,0,0,0,1021301587
slipgate,classic,goal,31032,183,1390,60,0,0,1,78.150,0,0,25,25,0,0,525,305,0,0,0,0,0,0,0,49862766
slipgate,classic,goal,31033,183,1390,60,0,0,1,78.150,0,0,25,25,0,0,525,298,0,0,0,0,0,0,0,1327900521
slipgate,classic,goal,31034,222,1750,29,0,0,1,87.550,1,1,32,32,1,0,630,322,0,0,0,0,1,0,0,1071262646
slipgate,classic,goal,31035,183,1390,60,0,0,1,78.150,0,0,25,25,0,0,525,299,0,0,0,0,0,0,0,2618338037
slipgate,classic,goal,31036,183,1390,60,0,0,1,78.150,0,0,25,25,0,0,525,299,0,0,0,0,0,0,0,2911356252
slipgate,classic,goal,31037,183,1390,60,0,0,1,78.150,0,0,25,25,0,0,525,305,0,0,0,0,0,0,0,2461675145
slipgate,classic,goal,31038,183,1390,60,0,0,1,78.150,0,0,25,25,0,0,525,298,0,0,0,0,0,0,0,755569136
slipgate,classic,goal,31039,156,1220,82,0,0,1,86.200,0,0,20,20,0,0,432,195,0,0,0,0,0,0,0,1073573110
slipgate,classic,goal,31040,183,1390,60,0,0,1,78.150,0,0,25,25,0,0,525,300,0,0,0,0,0,0,0,4064541252
slipgate,classic,goal,31041,183,1390,60,0,0,1,78.150,0,0,25,25,0,0,525,299,0,0,0,0,0,0,0,4104096997
slipgate,classic,goal,31042,183,1390,60,0,0,1,78.150,0,0,25,25,0,0,525,299,0,0,0,0,0,0,0,576605248
slipgate,classic,goal,31043,183,1390,60,0,0,1,78.150,0,0,25,25,0,0,525,298,0,0,0,0,0,0,0,2467792467
slipgate,classic,goal,31044,175,1340,65,0,0,1,78.150,0,0,25,25,0,0,501,284,0,0,0,0,0,0,0,202206845
slipgate,classic,goal,31045,183,1390,60,0,0,1,78.150,0,0,25,25,0,0,525,299,0,0,0,0,0,0,0,2101457361
slipgate,classic,goal,31046,156,1220,82,0,0,1,86.200,0,0,20,20,0,0,432,195,0,0,0,0,0,0,0,1426872251
slipgate,classic,goal,31047,135,980,101,0,0,1,70.000,0,0,18,18,0,0,381,181,0,0,0,0,0,0,0,3787820252
slipgate,classic,goal,31048,224,1500,49,0,0,1,73.450,5,5,35,35,5,0,648,408,0,0,0,0,5,4,0,4270916353
slipgate,classic,goal,31049,183,1390,60,0,0,1,78.150,0,0,25,25,0,0,525,306,0,0,0,0,0,0,0,2530521469
slipgate,classic,goal,31050,222,1750,29,0,0,1,87.550,1,1,32,32,1,0,630,289,0,0,0,0,1,0,0,1497739256
slipgate,classic,goal,31051,163,1300,69,0,0,1,87.550,0,0,23,23,0,0,465,249,0,0,0,0,0,0,0,713288530
slipgate,classic,goal,31052,183,1390,60,0,0,1,78.150,0,0,25,25,0,0,525,298,0,0,0,0,0,0,0,874085176
slipgate,classic,goal,31053,183,1390,60,0,0,1,78.150,0,0,25,25,0,0,525,299,0,0,0,0,0,0,0,3271292825
slipgate,classic,goal,31054,156,1220,82,0,0,1,86.200,0,0,20,20,0,0,432,194,0,0,0,0,0,0,0,3324642653
slipgate,classic,goal,31055,224,1500,49,0,0,1,73.450,5,5,35,35,5,0,648,400,0,0,0,0,5,4,0,3444164214
slipgate,classic,goal,31056,156,1220,82,0,0,1,86.200,0,0,20,20,0,0,432,202,0,0,0,0,0,0,0,833509537
slipgate,classic,goal,31057,183,1390,60,0,0,1,78.150,0,0,25,25,0,0,525,299,0,0,0,0,0,0,0,338090479
slipgate,classic,goal,31058,183,1390,60,0,0,1,78.150,0,0,25,25,0,0,525,299,0,0,0,0,0,0,0,3003614244
slipgate,classic,goal,31059,183,1390,60,0,0,1,78.150,0,0,25,25,0,0,525,298,0,0,0,0,0,0,0,2640887533
slipgate,classic,goal,31060,183,1390,60,0,0,1,78.150,0,0,25,25,0,0,525,305,0,0,0,0,0,0,0,2205189586
slipgate,classic,goal,31061,183,1390,60,0,0,1,78.150,0,0,25,25,0,0,525,304,0,0,0,0,0,0,0,2686812353
slipgate,classic,goal,31062,183,1390,60,0,0,1,78.150,0,0,25,25,0,0,525,298,0,0,0,0,0,0,0,1019655828
slipgate,classic,goal,31063,183,1390,60,0,0,1,78.150,0,0,25,25,0,0,525,304,0,0,0,0,0,0,0,2347297841
slipgate,classic,goal,31064,135,980,101,0,0,1,70.000,0,0,18,18,0,0,381,175,0,0,0,0,0,0,0,2560508531
slipgate,classic,goal,31065,156,1220,82,0,0,1,86.200,0,0,20,20,0,0,432,197,0,0,0,0,0,0,0,3789436592
slipgate,classic,goal,31066,156,1220,82,0,0,1,86.200,0,0,20,20,0,0,432,196,0,0,0,0,0,0,0,524532977
slipgate,classic,goal,31067,183,1390,60,0,0,1,78.150,0,0,25,25,0,0,525,298,0,0,0,0,0,0,0,1358020677
slipgate,classic,goal,31068,156,1220,82,0,0,1,86.200,0,0,20,20,0,0,432,195,0,0,0,0,0,0,0,3825605133
slipgate,classic,goal,31069,183,1390,60,0,0,1,78.150,0,0,25,25,0,0,525,305,0,0,0,0,0,0,0,1012785051
slipgate,classic,goal,31070,183,1390,60,0,0,1,78.150,0,0,25,25,0,0,525,304,0,0,0,0,0,0,0,4253121744
slipgate,classic,goal,31071,183,1390,60,0,0,1,78.150,0,0,25,25,0,0,525,299,0,0,0,0,0,0,0,2321079355
slipgate,classic,goal,31072,222,1750,29,0,0,1,87.550,1,1,32,32,1,0,630,288,0,0,0,0,1,0,0,1799138090
slipgate,classic,goal,31073,183,1390,60,0,0,1,78.150,0,0,25,25,0,0,525,304,0,0,0,0,0,0,0,1493710543
slipgate,classic,goal,31074,224,1500,49,0,0,1,73.450,5,5,35,35,5,0,648,408,0,0,0,0,5,4,0,119266167
slipgate,classic,goal,31075,183,1390,60,0,0,1,78.150,0,0,25,25,0,0,525,298,0,0,0,0,0,0,0,4124375175
slipgate,classic,goal,31076,222,1750,29,0,0,1,87.550,1,1,32,32,1,0,630,290,0,0,0,0,1,0,0,457221504
slipgate,classic,goal,31077,183,1390,60,0,0,1,78.150,0,0,25,25,0,0,525,306,0,0,0,0,0,0,0,191052995
slipgate,classic,goal,31078,183,1390,60,0,0,1,78.150,0,0,25,25,0,0,525,305,0,0,0,0,0,0,0,3894190504
slipgate,classic,goal,31079,156,1220,82,0,0,1,86.200,0,0,20,20,0,0,432,194,0,0,0,0,0,0,0,1452877678
slipgate,classic,goal,31080,167,1240,80,0,0,1,83.750,0,0,20,20,0,0,465,234,0,0,0,0,0,0,0,4059776457
slipgate,classic,goal,31081,183,1390,60,0,0,1,78.150,0,0,25,25,0,0,525,299,0,0,0,0,0,0,0,2785232477
slipgate,classic,goal,31082,183,1390,60,0,0,1,78.150,0,0,25,25,0,0,525,305,0,0,0,0,0,0,0,2254455646
slipgate,classic,goal,31083,183,1390,60,0,0,1,78.150,0,0,25,25,0,0,525,300,0,0,0,0,0,0,0,1817806053
slipgate,classic,goal,31084,183,1390,60,0,0,1,78.150,0,0,25,25,0,0,525,298,0,0,0,0,0,0,0,1632395438
slipgate,classic,goal,31085,222,1750,29,0,0,1,87.550,1,1,32,32,1,0,630,324,0,0,0,0,1,0,0,59583785
slipgate,classic,goal,31086,183,1390,60,0,0,1,78.150,0,0,25,25,0,0,525,298,0,0,0,0,0,0,0,1160729622
slipgate,classic,goal,31087,183,1390,60,0,0,1,78.150,0,0,25,25,0,0,525,305,0,0,0,0,0,0,0,2198546087
slipgate,classic,goal,31088,183,1390,60,0,0,1,78.150,0,0,25,25,0,0,525,305,0,0,0,0,0,0,0,3491798704
slipgate,classic,goal,31089,183,1390,60,0,0,1,78.150,0,0,25,25,0,0,525,306,0,0,0,0,0,0,0,918378363
slipgate,classic,goal,31090,183,1390,60,0,0,1,78.150,0,0,25,25,0,0,525,304,0,0,0,0,0,0,0,123564500
slipgate,classic,goal,31091,167,1240,80,0,0,1,83.750,0,0,20,20,0,0,465,234,0,0,0,0,0,0,0,2462891866
slipgate,classic,goal,31092,183,1390,60,0,0,1,78.150,0,0,25,25,0,0,525,306,0,0,0,0,0,0,0,1628169574
slipgate,classic,goal,31093,183,1390,60,0,0,1,78.150,0,0,25,25,0,0,525,299,0,0,0,0,0,0,0,1122314321
slipgate,classic,goal,31094,183,1390,60,0,0,1,78.150,0,0,25,25,0,0,525,305,0,0,0,0,0,0,0,458377890
slipgate,classic,goal,31095,183,1390,60,0,0,1,78.150,0,0,25,25,0,0,525,305,0,0,0,0,0,0,0,156098913
slipgate,classic,goal,31096,167,1240,80,0,0,1,83.750,0,0,20,20,0,0,465,229,0,0,0,0,0,0,0,3041232633
slipgate,classic,goal,31097,183,1390,60,0,0,1,78.150,0,0,25,25,0,0,525,298,0,0,0,0,0,0,0,1828054441
slipgate,classic,goal,31098,156,1220,82,0,0,1,86.200,0,0,20,20,0,0,432,196,0,0,0,0,0,0,0,4139000965
slipgate,classic,goal,31099,183,1390,60,0,0,1,78.150,0,0,25,25,0,0,525,299,0,0,0,0,0,0,0,2911148175
slipgate,classic,goal,31100,183,1390,60,0,0,1,78.150,0,0,25,25,0,0,525,299,0,0,0,0,0,0,0,1674394030
slipgate,classic,goal,31101,156,1220,82,0,0,1,86.200,0,0,20,20,0,0,432,200,0,0,0,0,0,0,0,3857298926
slipgate,classic,goal,31102,156,1220,82,0,0,1,86.200,0,0,20,20,0,0,432,195,0,0,0,0,0,0,0,2352743583
slipgate,classic,goal,31103,183,1390,60,0,0,1,78.150,0,0,25,25,0,0,525,305,0,0,0,0,0,0,0,1291186155
slipgate,classic,goal,31104,183,1390,60,0,0,1,78.150,0,0,25,25,0,0,525,305,0,0,0,0,0,0,0,1965188440
slipgate,classic,goal,31105,183,1390,60,0,0,1,78.150,0,0,25,25,0,0,525,305,0,0,0,0,0,0,0,593325169
slipgate,classic,goal,31106,183,1390,60,0,0,1,78.150,0,0,25,25,0,0,525,306,0,0,0,0,0,0,0,1053719590
slipgate,classic,goal,31107,156,1220,82,0,0,1,86.200,0,0,20,20,0,0,432,194,0,0,0,0,0,0,0,1331071760
slipgate,classic,goal,31108,167,1240,80,0,0,1,83.750,0,0,20,20,0,0,465,228,0,0,0,0,0,0,0,785975493
slipgate,classic,goal,31109,183,1390,60,0,0,1,78.150,0,0,25,25,0,0,525,298,0,0,0,0,0,0,0,3823896271
slipgate,classic,goal,31110,135,980,101,0,0,1,70.000,0,0,18,18,0,0,381,181,0,0,0,0,0,0,0,1523144301
slipgate,classic,goal,31111,183,1390,60,0,0,1,78.150,0,0,25,25,0,0,525,305,0,0,0,0,0,0,0,1639739265
slipgate,classic,goal,31112,183,1390,60,0,0,1,78.150,0,0,25,25,0,0,525,297,0,0,0,0,0,0,0,4182749480
slipgate,classic,goal,31113,183,1390,60,0,0,1,78.150,0,0,25,25,0,0,525,305,0,0,0,0,0,0,0,1928167897
slipgate,classic,goal,31114,183,1390,60,0,0,1,78.150,0,0,25,25,0,0,525,298,0,0,0,0,0,0,0,1261937070
slipgate,classic,goal,31115,183,1390,60,0,0,1,78.150,0,0,25,25,0,0,525,306,0,0,0,0,0,0,0,2249833135
slipgate,classic,goal,31116,183,1390,60,0,0,1,78.150,0,0,25,25,0,0,525,298,0,0,0,0,0,0,0,1023778722
slipgate,classic,goal,31117,183,1390,60,0,0,1,78.150,0,0,25,25,0,0,525,298,0,0,0,0,0,0,0,6998597
slipgate,classic,goal,31118,183,1390,60,0,0,1,78.150,0,0,25,25,0,0,525,306,0,0,0,0,0,0,0,2327239216
slipgate,classic,goal,31119,183,1390,60,0,0,1,78.150,0,0,25,25,0,0,525,299,0,0,0,0,0,0,0,3304716313
slipgate,classic,goal,31120,183,1390,60,0,0,1,78.150,0,0,25,25,0,0,525,306,0,0,0,0,0,0,0,1312683246
slipgate,classic,goal,31121,135,980,101,0,0,1,70.000,0,0,18,18,0,0,381,181,0,0,0,0,0,0,0,1592567030
slipgate,classic,goal,31122,183,1390,60,0,0,1,78.150,0,0,25,25,0,0,525,299,0,0,0,0,0,0,0,244012996
slipgate,classic,goal,31123,183,1390,60,0,0,1,78.150,0,0,25,25,0,0,525,300,0,0,0,0,0,0,0,1664329037
slipgate,classic,goal,31124,222,1750,29,0,0,1,87.550,1,1,32,32,1,0,630,297,0,0,0,0,1,0,0,2037866864
slipgate,classic,goal,31125,167,1240,80,0,0,1,83.750,0,0,20,20,0,0,465,234,0,0,0,0,0,0,0,4278423464
slipgate,classic,goal,31126,183,1390,60,0,0,1,78.150,0,0,25,25,0,0,525,298,0,0,0,0,0,0,0,3377102338
slipgate,classic,goal,31127,183,1390,60,0,0,1,78.150,0,0,25,25,0,0,525,306,0,0,0,0,0,0,0,443906675
slipgate,classic,goal,31128,222,1750,29,0,0,1,87.550,1,1,32,32,1,0,630,287,0,0,0,0,1,0,0,2215916178
slipgate,systemic,goal,31001,257,1720,32,0,0,1,79.450,0,0,27,27,0,0,678,44,60,46,0,0,0,0,0,2205157651
slipgate,systemic,goal,31002,300,1970,7,2,0,1,95.800,2,2,34,34,2,0,795,16,77,23,0,0,2,1,0,431107860
slipgate,systemic,goal,31003,300,1840,20,2,0,1,86.400,0,0,29,29,0,0,794,47,77,55,0,0,0,0,0,2168619515
slipgate,systemic,goal,31004,229,1510,48,0,0,1,83.350,0,0,25,25,0,0,612,24,51,43,0,0,0,0,0,4186174281
slipgate,systemic,goal,31005,300,1820,22,2,0,1,90.350,0,0,29,29,0,0,794,64,77,37,0,0,0,0,0,585712463
slipgate,systemic,goal,31006,300,1820,22,2,0,1,89.450,0,0,29,29,0,0,794,65,77,60,0,0,0,0,0,3510302050
slipgate,systemic,goal,31007,300,1820,22,2,0,1,84.600,0,0,29,29,0,0,795,39,77,41,0,0,0,0,0,2967237583
slipgate,systemic,goal,31008,300,1820,22,2,0,1,73.500,0,0,28,28,0,0,795,24,77,44,0,0,0,0,0,2251698124
slipgate,systemic,goal,31009,300,1840,20,2,0,1,73.100,0,0,29,29,0,0,791,68,77,40,0,0,0,0,0,1010365425
slipgate,systemic,goal,31010,300,1980,6,1,0,1,92.950,0,0,34,34,0,0,790,29,77,36,0,0,0,0,0,1942523891
slipgate,systemic,goal,31011,300,1830,21,3,0,1,81.500,5,5,29,29,5,0,798,28,78,55,0,0,5,4,0,1997673315
slipgate,systemic,goal,31012,300,1820,22,2,0,1,85.850,0,0,26,26,0,0,794,51,77,36,0,0,0,0,0,4159669544
slipgate,systemic,goal,31013,300,1810,23,2,0,1,85.100,0,0,30,30,0,0,792,49,76,54,0,0,0,0,0,3372704110
slipgate,systemic,goal,31014,300,1860,18,3,0,1,87.400,5,5,39,39,5,0,795,22,77,46,0,0,5,4,0,2253280707
slipgate,systemic,goal,31015,283,1790,25,0,0,1,70.700,0,0,28,28,0,0,743,61,70,51,0,0,0,0,0,2842207560
slipgate,systemic,goal,31016,300,1820,22,4,0,1,90.500,0,0,29,29,0,0,798,57,78,26,0,0,0,0,0,3343822900
slipgate,systemic,goal,31017,300,1970,7,1,0,1,90.800,2,2,34,34,2,0,791,45,77,30,0,0,2,1,0,3109443034
slipgate,systemic,goal,31018,300,1940,10,2,0,1,93.650,0,0,32,32,0,0,795,75,77,52,0,0,0,0,0,1018933262
slipgate,systemic,goal,31019,300,1820,22,2,0,1,77.800,0,0,29,29,0,0,794,24,77,21,0,0,0,0,0,2169600887
slipgate,systemic,goal,31020,300,1820,22,2,0,1,90.350,0,0,29,29,0,0,795,85,77,46,0,0,0,0,0,744433394
slipgate,systemic,goal,31021,286,1820,22,0,0,1,73.300,0,0,28,28,0,0,754,26,71,29,0,0,0,0,0,667573037
slipgate,systemic,goal,31022,300,1820,22,1,0,1,67.350,0,0,29,29,0,0,790,38,77,48,0,0,0,0,0,432804153
slipgate,systemic,goal,31023,300,1870,17,2,0,1,78.750,5,5,32,32,5,0,794,36,77,48,0,0,5,4,0,445374556
slipgate,systemic,goal,31024,300,1880,16,2,0,1,98.750,0,0,30,30,0,0,795,30,77,43,0,0,0,0,0,1522488836
slipgate,systemic,goal,31025,300,1890,15,2,0,1,93.700,5,5,34,34,5,0,795,30,77,43,0,0,5,4,0,4103079878
slipgate,systemic,goal,31026,300,1900,14,2,0,1,93.700,5,5,34,34,5,0,794,39,77,45,0,0,5,4,0,1539863578
slipgate,systemic,goal,31027,300,1980,6,3,0,1,88.800,1,1,30,30,1,0,798,65,78,61,0,0,1,0,0,380608504
slipgate,systemic,goal,31028,300,1880,16,3,0,1,89.350,5,5,39,39,5,0,795,32,77,51,0,0,5,4,0,2922061691
slipgate,systemic,goal,31029,300,1820,22,2,0,1,89.450,0,0,29,29,0,0,794,46,77,65,0,0,0,0,0,3158875931
slipgate,systemic,goal,31030,267,1810,23,0,0,1,72.400,0,0,27,27,0,0,705,64,64,48,0,0,0,0,0,2945212853
slipgate,systemic,goal,31031,300,1820,22,1,0,1,78.450,0,0,29,29,0,0,791,75,77,64,0,0,0,0,0,3891503378
slipgate,systemic,goal,31032,300,1820,22,2,0,1,91.550,0,0,28,28,0,0,795,72,77,57,0,0,0,0,0,1145985848
slipgate,systemic,goal,31033,288,1820,22,0,0,1,72.400,0,0,28,28,0,0,759,28,72,36,0,0,0,0,0,3594219917
slipgate,systemic,goal,31034,300,1920,12,2,0,1,73.250,1,1,29,29,1,0,794,44,77,36,0,0,1,0,0,877234326
slipgate,systemic,goal,31035,300,1820,22,1,0,1,81.850,0,0,28,28,0,0,790,45,77,50,0,0,0,0,0,3911943654
slipgate,systemic,goal,31036,288,1820,22,0,0,1,73.650,0,0,28,28,0,0,760,51,72,39,0,0,0,0,0,1965644360
slipgate,systemic,goal,31037,300,1820,22,2,0,1,90.350,0,0,29,29,0,0,794,52,77,33,0,0,0,0,0,1339751105
slipgate,systemic,goal,31038,300,1820,22,2,0,1,93.000,0,0,28,28,0,0,791,32,77,54,0,0,0,0,0,931014728
slipgate,systemic,goal,31039,300,1880,16,2,0,1,91.000,5,5,34,34,5,0,795,18,77,27,0,0,5,4,0,419699689
slipgate,systemic,goal,31040,299,1820,22,0,0,1,78.450,0,0,28,28,0,0,788,25,76,40,0,0,0,0,0,946657396
slipgate,systemic,goal,31041,300,1820,22,3,0,1,83.700,0,0,29,29,0,0,798,67,78,42,0,0,0,0,0,2409833024
slipgate,systemic,goal,31042,300,1860,18,1,0,1,85.150,0,0,30,30,0,0,788,63,76,38,0,0,0,0,0,656158515
slipgate,systemic,goal,31043,300,1820,22,2,0,1,90.350,0,0,29,29,0,0,794,48,77,39,0,0,0,0,0,3230063633
slipgate,systemic,goal,31044,300,1880,16,2,0,1,90.100,5,5,34,34,5,0,791,39,77,49,0,0,5,4,0,4060274920
slipgate,systemic,goal,31045,300,1820,22,2,0,1,84.250,0,0,29,29,0,0,795,64,77,37,0,0,0,0,0,3313321181
slipgate,systemic,goal,31046,300,1820,22,1,0,1,77.800,0,0,29,29,0,0,788,72,76,63,0,0,0,0,0,3353841119
slipgate,systemic,goal,31047,300,1900,14,1,0,1,91.900,5,5,34,34,5,0,795,24,77,25,0,0,5,4,0,950846916
slipgate,systemic,goal,31048,300,1820,22,2,0,1,79.350,0,0,29,29,0,0,795,18,77,26,0,0,0,0,0,1956229496
slipgate,systemic,goal,31049,300,1820,22,3,0,1,90.700,0,0,29,29,0,0,795,51,77,28,0,0,0,0,0,3063388804
slipgate,systemic,goal,31050,288,1820,22,0,0,1,83.200,0,0,28,28,0,0,759,58,72,43,0,0,0,0,0,2923443048
slipgate,systemic,goal,31051,203,1440,55,0,0,1,76.350,0,0,25,25,0,0,548,21,40,31,0,0,0,0,0,2678020767
slipgate,systemic,goal,31052,300,1820,22,2,0,1,84.600,0,0,29,29,0,0,794,75,77,61,0,0,0,0,0,3150976340
slipgate,systemic,goal,31053,300,1970,7,1,0,1,91.700,2,2,34,34,2,0,788,50,76,64,0,0,2,1,0,2150606944
slipgate,systemic,goal,31054,300,1820,22,1,0,1,61.450,0,0,27,27,0,0,790,55,77,49,0,0,0,0,0,556039691
slipgate,systemic,goal,31055,300,1880,16,3,0,1,93.700,0,0,31,31,0,0,797,53,78,37,0,0,0,0,0,351110626
slipgate,systemic,goal,31056,300,1820,22,1,0,1,74.750,0,0,28,28,0,0,790,31,77,62,0,0,0,0,0,243007861
slipgate,systemic,goal,31057,300,1970,7,3,0,1,99.100,2,2,34,34,2,0,798,16,78,36,0,0,2,1,0,3976877438
slipgate,systemic,goal,31058,269,1810,23,0,0,1,73.300,0,0,27,27,0,0,710,51,65,42,0,0,0,0,0,3088229387
slipgate,systemic,goal,31059,300,1820,22,3,0,1,83.700,0,0,29,29,0,0,797,42,78,46,0,0,0,0,0,3517436606
slipgate,systemic,goal,31060,300,1820,22,2,0,1,89.450,0,0,29,29,0,0,795,13,77,20,0,0,0,0,0,538937212
slipgate,systemic,goal,31061,300,1820,22,2,0,1,89.450,0,0,29,29,0,0,795,48,77,39,0,0,0,0,0,4026752713
slipgate,systemic,goal,31062,300,1830,21,3,0,1,87.750,5,5,34,34,5,0,798,69,78,40,0,0,5,4,0,1718728918
slipgate,systemic,goal,31063,300,1860,18,2,0,1,92.450,0,0,31,31,0,0,792,32,76,68,0,0,0,0,0,1478102959
slipgate,systemic,goal,31064,300,1860,18,3,0,1,99.150,0,0,30,30,0,0,795,71,77,44,0,0,0,0,0,1391423333
slipgate,systemic,goal,31065,300,1820,22,2,0,1,89.450,0,0,29,29,0,0,792,31,76,29,0,0,0,0,0,2766329583
slipgate,systemic,goal,31066,300,1880,16,3,0,1,95.500,5,5,34,34,5,0,798,51,78,50,0,0,5,4,0,1800025293
slipgate,systemic,goal,31067,300,1820,22,1,0,1,96.300,0,0,28,28,0,0,788,21,76,33,0,0,0,0,0,2466561584
slipgate,systemic,goal,31068,300,1840,20,3,0,1,85.800,0,0,30,30,0,0,795,78,77,63,0,0,0,0,0,3713023661
slipgate,systemic,goal,31069,300,1820,22,3,0,1,89.450,0,0,29,29,0,0,798,12,78,21,0,0,0,0,0,2941681434
slipgate,systemic,goal,31070,300,1920,12,1,0,1,82.550,0,0,31,31,0,0,791,29,77,31,0,0,0,0,0,3992785497
slipgate,systemic,goal,31071,300,1820,22,3,0,1,89.050,0,0,28,28,0,0,798,44,78,27,0,0,0,0,0,1072494322
slipgate,systemic,goal,31072,300,1820,22,1,0,1,80.450,0,0,28,28,0,0,791,63,77,45,0,0,0,0,0,4214801565
slipgate,systemic,goal,31073,253,1700,34,0,0,1,79.100,0,0,27,27,0,0,668,24,58,39,0,0,0,0,0,1661500355
slipgate,systemic,goal,31074,300,1890,15,2,0,1,92.800,5,5,34,34,5,0,794,54,77,42,0,0,5,4,0,1952601403
slipgate,systemic,goal,31075,300,1890,15,2,0,1,68.450,1,1,39,39,1,0,794,69,77,62,0,0,1,0,0,106422480
slipgate,systemic,goal,31076,300,1820,22,2,0,1,70.250,0,0,28,28,0,0,791,81,77,43,0,0,0,0,0,3888017554
slipgate,systemic,goal,31077,300,1880,16,3,0,1,91.900,5,5,34,34,5,0,797,44,78,48,0,0,5,4,0,1842774450
slipgate,systemic,goal,31078,152,1050,94,0,0,1,88.000,0,0,19,19,0,0,413,60,19,26,0,0,0,0,0,893857481
slipgate,systemic,goal,31079,300,1790,25,1,0,1,69.350,0,0,30,30,0,0,788,33,76,48,0,0,0,0,0,1427803709
slipgate,systemic,goal,31080,300,1980,6,3,0,1,93.950,1,1,29,29,1,0,798,35,78,44,0,0,1,0,0,1734846771
slipgate,systemic,goal,31081,300,1940,10,2,0,1,74.850,1,1,29,29,1,0,795,50,77,42,0,0,1,0,0,855390159
slipgate,systemic,goal,31082,300,1820,22,2,0,1,84.600,0,0,27,27,0,0,795,50,77,59,0,0,0,0,0,3051203444
slipgate,systemic,goal,31083,300,1860,18,2,0,1,87.400,5,5,38,38,5,0,792,46,76,46,0,0,5,4,0,2406555181
slipgate,systemic,goal,31084,300,1820,22,1,0,1,84.600,0,0,29,29,0,0,792,62,76,66,0,0,0,0,0,3866125335
slipgate,systemic,goal,31085,300,1820,22,2,0,1,84.600,0,0,29,29,0,0,794,24,77,43,0,0,0,0,0,328411219
slipgate,systemic,goal,31086,300,1920,12,3,0,1,97.300,5,5,34,34,5,0,797,65,78,40,0,0,5,4,0,1490613045
slipgate,systemic,goal,31087,300,1810,23,2,0,1,83.300,0,0,30,30,0,0,792,31,76,31,0,0,0,0,0,1375775904
slipgate,systemic,goal,31088,269,1810,23,0,0,1,73.300,0,0,27,27,0,0,709,42,65,40,0,0,0,0,0,4245438425
slipgate,systemic,goal,31089,273,1770,27,0,0,1,65.950,0,0,26,26,0,0,717,49,66,53,0,0,0,0,0,1673404826
slipgate,systemic,goal,31090,300,1880,16,4,0,1,93.700,5,5,34,34,5,0,798,45,78,53,0,0,5,4,0,239677052
slipgate,systemic,goal,31091,300,1980,6,1,0,1,92.600,0,0,34,34,0,0,790,29,77,36,0,0,0,0,0,2292115648
slipgate,systemic,goal,31092,300,1880,16,3,0,1,91.900,5,5,34,34,5,0,797,69,78,53,0,0,5,4,0,3398292757
slipgate,systemic,goal,31093,300,1880,16,3,0,1,91.900,5,5,34,34,5,0,797,75,78,68,0,0,5,4,0,2192024854
slipgate,systemic,goal,31094,300,1820,22,3,0,1,92.650,0,0,30,30,0,0,798,26,78,36,0,0,0,0,0,2131970081
slipgate,systemic,goal,31095,300,1880,16,1,0,1,69.650,0,0,30,30,0,0,790,39,77,61,0,0,0,0,0,294441444
slipgate,systemic,goal,31096,300,1870,17,2,0,1,73.850,5,5,27,27,5,0,794,22,77,61,0,0,5,4,0,1706760069
slipgate,systemic,goal,31097,300,1880,16,2,0,1,91.000,5,5,34,34,5,0,795,52,77,31,0,0,5,4,0,288920089
slipgate,systemic,goal,31098,300,1970,7,1,0,1,91.700,2,2,34,34,2,0,791,39,77,54,0,0,2,1,0,3080698281
slipgate,systemic,goal,31099,272,1790,25,0,0,1,69.800,0,0,27,27,0,0,714,46,66,50,0,0,0,0,0,1680165784
slipgate,systemic,goal,31100,300,1900,14,1,0,1,94.200,0,0,32,32,0,0,791,83,76,56,0,0,0,0,0,1597145807
slipgate,systemic,goal,31101,300,1940,10,1,0,1,82.900,0,0,32,32,0,0,791,24,77,20,0,0,0,0,0,2630564840
slipgate,systemic,goal,31102,300,1830,21,3,0,1,79.600,5,5,35,35,5,0,798,28,78,46,0,0,5,4,0,382246846
slipgate,systemic,goal,31103,300,1820,22,2,0,1,89.450,0,0,29,29,0,0,794,55,77,39,0,0,0,0,0,1891894065
slipgate,systemic,goal,31104,300,1910,13,2,0,1,93.700,5,5,36,36,5,0,794,31,76,44,0,0,5,4,0,408794739
slipgate,systemic,goal,31105,300,1940,10,2,0,1,93.400,5,5,35,35,5,0,794,16,77,31,0,0,5,4,0,732930415
slipgate,systemic,goal,31106,300,1840,20,3,0,1,90.500,0,0,29,29,0,0,798,33,78,34,0,0,0,0,0,2545553715
slipgate,systemic,goal,31107,300,1820,22,2,0,1,74.400,0,0,28,28,0,0,791,34,77,29,0,0,0,0,0,1547841393
slipgate,systemic,goal,31108,300,1820,22,2,0,1,84.600,0,0,29,29,0,0,795,25,77,31,0,0,0,0,0,929851262
slipgate,systemic,goal,31109,300,1820,22,1,0,1,89.650,0,0,27,27,0,0,790,53,77,47,0,0,0,0,0,1994786868
slipgate,systemic,goal,31110,300,1820,22,2,0,1,89.450,0,0,29,29,0,0,794,17,77,27,0,0,0,0,0,3714095178
slipgate,systemic,goal,31111,300,1820,22,2,0,1,90.350,0,0,29,29,0,0,794,16,77,33,0,0,0,0,0,599396797
slipgate,systemic,goal,31112,300,1890,15,2,0,1,70.250,1,1,38,38,1,0,795,43,77,49,0,0,1,0,0,889355641
slipgate,systemic,goal,31113,298,1880,16,0,0,1,79.000,5,5,34,34,5,0,789,29,76,31,0,0,5,4,0,2002040307
slipgate,systemic,goal,31114,257,1720,32,0,0,1,73.100,0,0,28,28,0,0,675,25,60,53,0,0,0,0,0,322473524
slipgate,systemic,goal,31115,300,1920,12,3,0,1,84.000,1,1,30,30,1,0,798,41,78,42,0,0,1,0,0,2377592394
slipgate,systemic,goal,31116,300,1820,22,4,0,1,95.950,0,0,29,29,0,0,798,55,78,41,0,0,0,0,0,3473754928
slipgate,systemic,goal,31117,300,1940,10,1,0,1,100.000,0,0,31,31,0,0,790,44,77,30,0,0,0,0,0,778636572
slipgate,systemic,goal,31118,300,1820,22,2,0,1,90.350,0,0,29,29,0,0,794,58,77,54,0,0,0,0,0,2718864554
slipgate,systemic,goal,31119,300,1820,22,1,0,1,79.900,0,0,28,28,0,0,790,22,77,37,0,0,0,0,0,543663890
slipgate,systemic,goal,31120,267,1800,24,0,0,1,75.900,0,0,27,27,0,0,704,53,64,39,0,0,0,0,0,3147772176
slipgate,systemic,goal,31121,300,1820,22,3,0,1,92.250,0,0,28,28,0,0,797,69,78,32,0,0,0,0,0,2582925432
slipgate,systemic,goal,31122,248,1730,31,0,0,1,86.200,0,0,26,26,0,0,652,55,56,57,0,0,0,0,0,3750869785
slipgate,systemic,goal,31123,300,1820,22,3,0,1,90.350,0,0,29,29,0,0,797,24,78,35,0,0,0,0,0,2838988228
slipgate,systemic,goal,31124,300,1840,20,2,0,1,80.400,0,0,32,32,0,0,795,38,77,39,0,0,0,0,0,2353837008
slipgate,systemic,goal,31125,300,1880,16,3,0,1,91.000,5,5,34,34,5,0,798,41,78,44,0,0,5,4,0,383788154
slipgate,systemic,goal,31126,300,1960,8,1,0,1,90.450,0,0,33,33,0,0,790,33,77,46,0,0,0,0,0,3242572637
slipgate,systemic,goal,31127,300,1960,8,2,0,1,96.650,0,0,33,33,0,0,792,50,76,40,0,0,0,0,0,1298331853
slipgate,systemic,goal,31128,300,1820,22,2,0,1,89.450,0,0,29,29,0,0,795,28,77,38,0,0,0,0,0,2943247736
slipgate,classic,random,31001,26,40,188,0,0,1,0.000,0,0,2,2,0,9,69,7,0,0,9,0,0,0,0,1992560996
slipgate,classic,random,31002,41,40,188,-1,0,1,0.000,0,0,2,2,0,18,92,15,0,0,18,0,0,0,0,3903405034
slipgate,classic,random,31003,40,80,184,-1,0,1,0.000,0,0,3,3,0,16,99,31,0,0,16,0,0,0,0,228300366
slipgate,classic,random,31004,34,60,186,0,0,1,0.000,0,0,2,2,0,16,83,20,0,0,16,0,0,0,0,1888503351
slipgate,classic,random,31005,39,60,186,0,0,1,0.000,0,0,2,2,0,14,85,20,0,0,14,0,0,0,0,2764505463
slipgate,classic,random,31006,26,40,188,0,0,1,0.000,0,0,2,2,0,9,69,7,0,0,9,0,0,0,0,3645550735
slipgate,classic,random,31007,40,40,188,0,0,1,0.000,0,0,2,2,0,17,92,14,0,0,17,0,0,0,0,3398715643
slipgate,classic,random,31008,40,80,184,-1,0,1,0.000,0,0,3,3,0,16,99,31,0,0,16,0,0,0,0,4159432717
slipgate,classic,random,31009,34,60,186,0,0,1,0.000,0,0,2,2,0,16,83,20,0,0,16,0,0,0,0,3872751570
slipgate,classic,random,31010,39,60,186,0,0,1,0.000,0,0,2,2,0,14,85,20,0,0,14,0,0,0,0,2399840708
slipgate,classic,random,31011,26,40,188,0,0,1,0.000,0,0,2,2,0,9,69,7,0,0,9,0,0,0,0,1654884202
slipgate,classic,random,31012,41,40,188,-1,0,1,0.000,0,0,2,2,0,18,92,15,0,0,18,0,0,0,0,1561641756
slipgate,classic,random,31013,40,80,184,-1,0,1,0.000,0,0,3,3,0,16,99,31,0,0,16,0,0,0,0,1512963236
slipgate,classic,random,31014,34,60,186,0,0,1,0.000,0,0,2,2,0,16,83,20,0,0,16,0,0,0,0,4097771609
slipgate,classic,random,31015,39,60,186,0,0,1,0.000,0,0,2,2,0,14,85,20,0,0,14,0,0,0,0,3828712041
slipgate,classic,random,31016,26,40,188,0,0,1,0.000,0,0,2,2,0,9,69,7,0,0,9,0,0,0,0,1007837141
slipgate,classic,random,31017,40,40,188,0,0,1,0.000,0,0,2,2,0,17,92,14,0,0,17,0,0,0,0,454841623
slipgate,classic,random,31018,40,80,184,-1,0,1,0.000,0,0,3,3,0,16,99,31,0,0,16,0,0,0,0,4225464603
slipgate,classic,random,31019,34,60,186,0,0,1,0.000,0,0,2,2,0,16,83,20,0,0,16,0,0,0,0,2469317180
slipgate,classic,random,31020,39,60,186,0,0,1,0.000,0,0,2,2,0,14,85,20,0,0,14,0,0,0,0,222999134
slipgate,classic,random,31021,26,40,188,0,0,1,0.000,0,0,2,2,0,9,69,7,0,0,9,0,0,0,0,2284976104
slipgate,classic,random,31022,41,40,188,-1,0,1,0.000,0,0,2,2,0,18,92,15,0,0,18,0,0,0,0,3257658402
slipgate,classic,random,31023,40,80,184,-1,0,1,0.000,0,0,3,3,0,16,99,31,0,0,16,0,0,0,0,3334916978
slipgate,classic,random,31024,34,60,186,0,0,1,0.000,0,0,2,2,0,16,83,20,0,0,16,0,0,0,0,1760552723
slipgate,classic,random,31025,39,60,186,0,0,1,0.000,0,0,2,2,0,14,85,20,0,0,14,0,0,0,0,1103878267
slipgate,classic,random,31026,26,40,188,0,0,1,0.000,0,0,2,2,0,9,69,7,0,0,9,0,0,0,0,4017454659
slipgate,classic,random,31027,41,40,188,-1,0,1,0.000,0,0,2,2,0,18,92,15,0,0,18,0,0,0,0,3516412647
slipgate,classic,random,31028,40,80,184,-1,0,1,0.000,0,0,3,3,0,16,99,31,0,0,16,0,0,0,0,3619098113
slipgate,classic,random,31029,34,60,186,0,0,1,0.000,0,0,2,2,0,16,83,20,0,0,16,0,0,0,0,3665147614
slipgate,classic,random,31030,39,60,186,0,0,1,0.000,0,0,2,2,0,14,85,20,0,0,14,0,0,0,0,3286889312
slipgate,classic,random,31031,26,40,188,0,0,1,0.000,0,0,2,2,0,9,69,7,0,0,9,0,0,0,0,1118699182
slipgate,classic,random,31032,41,40,188,-1,0,1,0.000,0,0,2,2,0,18,92,15,0,0,18,0,0,0,0,2927631944
slipgate,classic,random,31033,40,80,184,-1,0,1,0.000,0,0,3,3,0,16,99,31,0,0,16,0,0,0,0,1931795656
slipgate,classic,random,31034,34,60,186,0,0,1,0.000,0,0,2,2,0,16,83,20,0,0,16,0,0,0,0,2232815093
slipgate,classic,random,31035,39,60,186,0,0,1,0.000,0,0,2,2,0,14,85,20,0,0,14,0,0,0,0,3307808765
slipgate,classic,random,31036,26,40,188,0,0,1,0.000,0,0,2,2,0,9,69,7,0,0,9,0,0,0,0,2277350873
slipgate,classic,random,31037,40,40,188,0,0,1,0.000,0,0,2,2,0,17,92,14,0,0,17,0,0,0,0,2504177587
slipgate,classic,random,31038,40,80,184,-1,0,1,0.000,0,0,3,3,0,16,99,31,0,0,16,0,0,0,0,2859482879
slipgate,classic,random,31039,34,60,186,0,0,1,0.000,0,0,2,2,0,16,83,20,0,0,16,0,0,0,0,3449129224
slipgate,classic,random,31040,39,60,186,0,0,1,0.000,0,0,2,2,0,14,85,20,0,0,14,0,0,0,0,159914690
slipgate,classic,random,31041,26,40,188,0,0,1,0.000,0,0,2,2,0,9,69,7,0,0,9,0,0,0,0,3596977916
slipgate,classic,random,31042,41,40,188,-1,0,1,0.000,0,0,2,2,0,18,92,15,0,0,18,0,0,0,0,2890195522
slipgate,classic,random,31043,40,80,184,-1,0,1,0.000,0,0,3,3,0,16,99,31,0,0,16,0,0,0,0,2599361446
slipgate,classic,random,31044,34,60,186,0,0,1,0.000,0,0,2,2,0,16,83,20,0,0,16,0,0,0,0,80412879
slipgate,classic,random,31045,39,60,186,0,0,1,0.000,0,0,2,2,0,14,85,20,0,0,14,0,0,0,0,333296639
slipgate,classic,random,31046,26,40,188,0,0,1,0.000,0,0,2,2,0,9,69,7,0,0,9,0,0,0,0,58164839
slipgate,classic,random,31047,41,40,188,-1,0,1,0.000,0,0,2,2,0,18,92,15,0,0,18,0,0,0,0,1130998399
slipgate,classic,random,31048,40,80,184,-1,0,1,0.000,0,0,3,3,0,16,99,31,0,0,16,0,0,0,0,231215941
slipgate,classic,random,31049,34,60,186,0,0,1,0.000,0,0,2,2,0,16,83,20,0,0,16,0,0,0,0,1106611050
slipgate,classic,random,31050,39,60,186,0,0,1,0.000,0,0,2,2,0,14,85,20,0,0,14,0,0,0,0,1770984126
slipgate,classic,random,31051,26,40,188,0,0,1,0.000,0,0,2,2,0,9,69,7,0,0,9,0,0,0,0,3800125122
slipgate,classic,random,31052,37,40,188,0,0,1,0.000,0,0,2,2,0,15,86,9,0,0,15,0,0,0,0,3739621186
slipgate,classic,random,31053,40,80,184,-1,0,1,0.000,0,0,3,3,0,16,99,31,0,0,16,0,0,0,0,1252318300
slipgate,classic,random,31054,34,60,186,0,0,1,0.000,0,0,2,2,0,16,83,20,0,0,16,0,0,0,0,3014158865
slipgate,classic,random,31055,39,60,186,0,0,1,0.000,0,0,2,2,0,14,85,20,0,0,14,0,0,0,0,1965873141
slipgate,classic,random,31056,26,40,188,0,0,1,0.000,0,0,2,2,0,9,69,7,0,0,9,0,0,0,0,3993921005
slipgate,classic,random,31057,41,40,188,-1,0,1,0.000,0,0,2,2,0,18,92,15,0,0,18,0,0,0,0,2340329617
slipgate,classic,random,31058,40,80,184,-1,0,1,0.000,0,0,3,3,0,16,99,31,0,0,16,0,0,0,0,4045150099
slipgate,classic,random,31059,34,60,186,0,0,1,0.000,0,0,2,2,0,16,83,20,0,0,16,0,0,0,0,3669319284
slipgate,classic,random,31060,39,60,186,0,0,1,0.000,0,0,2,2,0,14,85,20,0,0,14,0,0,0,0,3618721906
slipgate,classic,random,31061,26,40,188,0,0,1,0.000,0,0,2,2,0,9,69,7,0,0,9,0,0,0,0,2653708768
slipgate,classic,random,31062,40,40,188,0,0,1,0.000,0,0,2,2,0,17,92,14,0,0,17,0,0,0,0,3363008232
slipgate,classic,random,31063,40,80,184,-1,0,1,0.000,0,0,3,3,0,16,99,31,0,0,16,0,0,0,0,2765825642
slipgate,classic,random,31064,34,60,186,0,0,1,0.000,0,0,2,2,0,16,83,20,0,0,16,0,0,0,0,714280459
slipgate,classic,random,31065,39,60,186,0,0,1,0.000,0,0,2,2,0,14,85,20,0,0,14,0,0,0,0,281061047
slipgate,classic,random,31066,26,40,188,0,0,1,0.000,0,0,2,2,0,9,69,7,0,0,9,0,0,0,0,1119279899
slipgate,classic,random,31067,41,40,188,-1,0,1,0.000,0,0,2,2,0,18,92,15,0,0,18,0,0,0,0,1147985075
slipgate,classic,random,31068,40,80,184,-1,0,1,0.000,0,0,3,3,0,16,99,31,0,0,16,0,0,0,0,4221374489
slipgate,classic,random,31069,34,60,186,0,0,1,0.000,0,0,2,2,0,16,83,20,0,0,16,0,0,0,0,1325734806
slipgate,classic,random,31070,39,60,186,0,0,1,0.000,0,0,2,2,0,14,85,20,0,0,14,0,0,0,0,118381512
slipgate,classic,random,31071,26,40,188,0,0,1,0.000,0,0,2,2,0,9,69,7,0,0,9,0,0,0,0,3905828870
slipgate,classic,random,31072,41,40,188,-1,0,1,0.000,0,0,2,2,0,18,92,15,0,0,18,0,0,0,0,2489977548
slipgate,classic,random,31073,40,80,184,-1,0,1,0.000,0,0,3,3,0,16,99,31,0,0,16,0,0,0,0,4058861728
slipgate,classic,random,31074,34,60,186,0,0,1,0.000,0,0,2,2,0,16,83,20,0,0,16,0,0,0,0,502526669
slipgate,classic,random,31075,39,60,186,0,0,1,0.000,0,0,2,2,0,14,85,20,0,0,14,0,0,0,0,1729353265
slipgate,classic,random,31076,26,40,188,0,0,1,0.000,0,0,2,2,0,9,69,7,0,0,9,0,0,0,0,959267793
slipgate,classic,random,31077,40,40,188,0,0,1,0.000,0,0,2,2,0,17,92,14,0,0,17,0,0,0,0,80466827
slipgate,classic,random,31078,40,80,184,-1,0,1,0.000,0,0,3,3,0,16,99,31,0,0,16,0,0,0,0,3275108823
slipgate,classic,random,31079,34,60,186,0,0,1,0.000,0,0,2,2,0,16,83,20,0,0,16,0,0,0,0,1710731712
slipgate,classic,random,31080,39,60,186,0,0,1,0.000,0,0,2,2,0,14,85,20,0,0,14,0,0,0,0,1669875834
slipgate,classic,random,31081,26,40,188,0,0,1,0.000,0,0,2,2,0,9,69,7,0,0,9,0,0,0,0,424411220
slipgate,classic,random,31082,41,40,188,-1,0,1,0.000,0,0,2,2,0,18,92,15,0,0,18,0,0,0,0,549626970
slipgate,classic,random,31083,40,80,184,-1,0,1,0.000,0,0,3,3,0,16,99,31,0,0,16,0,0,0,0,626199550
slipgate,classic,random,31084,34,60,186,0,0,1,0.000,0,0,2,2,0,16,83,20,0,0,16,0,0,0,0,2367895943
slipgate,classic,random,31085,39,60,186,0,0,1,0.000,0,0,2,2,0,14,85,20,0,0,14,0,0,0,0,4294776383
slipgate,classic,random,31086,26,40,188,0,0,1,0.000,0,0,2,2,0,9,69,7,0,0,9,0,0,0,0,1074045183
slipgate,classic,random,31087,41,40,188,-1,0,1,0.000,0,0,2,2,0,18,92,15,0,0,18,0,0,0,0,842884331
slipgate,classic,random,31088,40,80,184,-1,0,1,0.000,0,0,3,3,0,16,99,31,0,0,16,0,0,0,0,135737149
slipgate,classic,random,31089,34,60,186,0,0,1,0.000,0,0,2,2,0,16,83,20,0,0,16,0,0,0,0,4170315682
slipgate,classic,random,31090,39,60,186,0,0,1,0.000,0,0,2,2,0,14,85,20,0,0,14,0,0,0,0,2856299156
slipgate,classic,random,31091,26,40,188,0,0,1,0.000,0,0,2,2,0,9,69,7,0,0,9,0,0,0,0,2804725786
slipgate,classic,random,31092,41,40,188,-1,0,1,0.000,0,0,2,2,0,18,92,15,0,0,18,0,0,0,0,2856850560
slipgate,classic,random,31093,40,80,184,-1,0,1,0.000,0,0,3,3,0,16,99,31,0,0,16,0,0,0,0,2538572244
slipgate,classic,random,31094,34,60,186,0,0,1,0.000,0,0,2,2,0,16,83,20,0,0,16,0,0,0,0,418852265
slipgate,classic,random,31095,39,60,186,0,0,1,0.000,0,0,2,2,0,14,85,20,0,0,14,0,0,0,0,3871733661
slipgate,classic,random,31096,26,40,188,0,0,1,0.000,0,0,2,2,0,9,69,7,0,0,9,0,0,0,0,3606769925
slipgate,classic,random,31097,37,40,188,0,0,1,0.000,0,0,2,2,0,15,86,9,0,0,15,0,0,0,0,304866487
slipgate,classic,random,31098,40,80,184,-1,0,1,0.000,0,0,3,3,0,16,99,31,0,0,16,0,0,0,0,2065467595
slipgate,classic,random,31099,34,60,186,0,0,1,0.000,0,0,2,2,0,16,83,20,0,0,16,0,0,0,0,1415803596
slipgate,classic,random,31100,39,60,186,0,0,1,0.000,0,0,2,2,0,14,85,20,0,0,14,0,0,0,0,3026106460
slipgate,classic,random,31101,26,40,188,0,0,1,0.000,0,0,2,2,0,9,69,7,0,0,9,0,0,0,0,2744956184
slipgate,classic,random,31102,40,40,188,0,0,1,0.000,0,0,2,2,0,17,92,14,0,0,17,0,0,0,0,1478205216
slipgate,classic,random,31103,40,80,184,-1,0,1,0.000,0,0,3,3,0,16,99,31,0,0,16,0,0,0,0,131178722
slipgate,classic,random,31104,34,60,186,0,0,1,0.000,0,0,2,2,0,16,83,20,0,0,16,0,0,0,0,1701392355
slipgate,classic,random,31105,39,60,186,0,0,1,0.000,0,0,2,2,0,14,85,20,0,0,14,0,0,0,0,2362924587
slipgate,classic,random,31106,26,40,188,0,0,1,0.000,0,0,2,2,0,9,69,7,0,0,9,0,0,0,0,337490099
slipgate,classic,random,31107,37,40,188,0,0,1,0.000,0,0,2,2,0,15,86,9,0,0,15,0,0,0,0,1786700341
slipgate,classic,random,31108,40,80,184,-1,0,1,0.000,0,0,3,3,0,16,99,31,0,0,16,0,0,0,0,1001004145
slipgate,classic,random,31109,34,60,186,0,0,1,0.000,0,0,2,2,0,16,83,20,0,0,16,0,0,0,0,2950902062
slipgate,classic,random,31110,39,60,186,0,0,1,0.000,0,0,2,2,0,14,85,20,0,0,14,0,0,0,0,1488889880
slipgate,classic,random,31111,26,40,188,0,0,1,0.000,0,0,2,2,0,9,69,7,0,0,9,0,0,0,0,1820230174
slipgate,classic,random,31112,40,40,188,0,0,1,0.000,0,0,2,2,0,17,92,14,0,0,17,0,0,0,0,3630327540
slipgate,classic,random,31113,40,80,184,-1,0,1,0.000,0,0,3,3,0,16,99,31,0,0,16,0,0,0,0,720893240
slipgate,classic,random,31114,34,60,186,0,0,1,0.000,0,0,2,2,0,16,83,20,0,0,16,0,0,0,0,148173381
slipgate,classic,random,31115,39,60,186,0,0,1,0.000,0,0,2,2,0,14,85,20,0,0,14,0,0,0,0,4103707757
slipgate,classic,random,31116,26,40,188,0,0,1,0.000,0,0,2,2,0,9,69,7,0,0,9,0,0,0,0,2012778633
slipgate,classic,random,31117,41,40,188,-1,0,1,0.000,0,0,2,2,0,18,92,15,0,0,18,0,0,0,0,3176885825
slipgate,classic,random,31118,40,80,184,-1,0,1,0.000,0,0,3,3,0,16,99,31,0,0,16,0,0,0,0,898575791
slipgate,classic,random,31119,34,60,186,0,0,1,0.000,0,0,2,2,0,16,83,20,0,0,16,0,0,0,0,2086337304
slipgate,classic,random,31120,39,60,186,0,0,1,0.000,0,0,2,2,0,14,85,20,0,0,14,0,0,0,0,1547857190
slipgate,classic,random,31121,26,40,188,0,0,1,0.000,0,0,2,2,0,9,69,7,0,0,9,0,0,0,0,3339978284
slipgate,classic,random,31122,37,40,188,0,0,1,0.000,0,0,2,2,0,15,86,9,0,0,15,0,0,0,0,3259632788
slipgate,classic,random,31123,40,80,184,-1,0,1,0.000,0,0,3,3,0,16,99,31,0,0,16,0,0,0,0,1652765910
slipgate,classic,random,31124,34,60,186,0,0,1,0.000,0,0,2,2,0,16,83,20,0,0,16,0,0,0,0,1648016095
slipgate,classic,random,31125,39,60,186,0,0,1,0.000,0,0,2,2,0,14,85,20,0,0,14,0,0,0,0,2673741103
slipgate,classic,random,31126,26,40,188,0,0,1,0.000,0,0,2,2,0,9,69,7,0,0,9,0,0,0,0,3119536855
slipgate,classic,random,31127,41,40,188,-1,0,1,0.000,0,0,2,2,0,18,92,15,0,0,18,0,0,0,0,2161717411
slipgate,classic,random,31128,40,80,184,-1,0,1,0.000,0,0,3,3,0,16,99,31,0,0,16,0,0,0,0,3390328821
slipgate,systemic,random,31001,300,290,163,4,0,1,0.000,0,0,7,7,0,98,819,0,81,0,98,0,0,0,0,1559767387
slipgate,systemic,random,31002,300,120,180,4,0,1,0.000,0,0,3,3,0,112,819,0,81,0,112,0,0,0,0,637387633
slipgate,systemic,random,31003,300,220,170,4,0,1,0.000,0,0,6,6,0,101,819,0,81,0,101,0,0,0,0,1418773776
slipgate,systemic,random,31004,65,130,179,0,0,1,0.000,0,0,5,5,0,27,183,14,0,0,27,0,0,0,0,411231275
slipgate,systemic,random,31005,300,270,165,4,0,1,0.000,0,0,6,6,0,117,819,0,81,0,117,0,0,0,0,631751830
slipgate,systemic,random,31006,300,290,163,4,0,1,0.000,0,0,7,7,0,98,819,0,81,0,98,0,0,0,0,3257890704
slipgate,systemic,random,31007,300,120,180,4,0,1,0.000,0,0,3,3,0,112,819,0,81,0,112,0,0,0,0,3670241120
slipgate,systemic,random,31008,300,220,170,4,0,1,0.000,0,0,6,6,0,101,819,0,81,0,101,0,0,0,0,3707384427
slipgate,systemic,random,31009,76,140,178,0,0,1,0.000,0,0,5,5,0,31,216,10,0,9,31,0,0,0,0,1522069739
slipgate,systemic,random,31010,300,270,165,4,0,1,0.000,0,0,6,6,0,117,819,0,81,0,117,0,0,0,0,3825818807
slipgate,systemic,random,31011,300,290,163,4,0,1,0.000,0,0,7,7,0,98,819,0,81,0,98,0,0,0,0,1184396393
slipgate,systemic,random,31012,300,120,180,4,0,1,0.000,0,0,3,3,0,112,819,0,81,0,112,0,0,0,0,1545164729
slipgate,systemic,random,31013,71,150,177,0,0,1,0.000,0,0,5,5,0,24,194,7,0,0,24,0,0,0,0,2255066729
slipgate,systemic,random,31014,66,130,179,0,0,1,0.000,0,0,5,5,0,27,186,8,0,2,27,0,0,0,0,2746684280
slipgate,systemic,random,31015,71,90,183,0,0,1,0.000,0,0,3,3,0,26,201,12,0,8,26,0,0,0,0,3472887941
slipgate,systemic,random,31016,300,290,163,4,0,1,0.000,0,0,7,7,0,98,819,1,81,8,98,0,0,0,0,3157246422
slipgate,systemic,random,31017,300,120,180,4,0,1,0.000,0,0,3,3,0,112,819,0,81,0,112,0,0,0,0,3910556892
slipgate,systemic,random,31018,300,220,170,4,0,1,0.000,0,0,6,6,0,101,819,0,81,0,101,0,0,0,0,3308131863
slipgate,systemic,random,31019,86,140,178,0,0,1,0.000,0,0,5,5,0,36,245,7,1,0,36,0,0,0,0,1263845347
slipgate,systemic,random,31020,300,270,165,4,0,1,0.000,0,0,6,6,0,117,819,7,81,11,117,0,0,0,0,20875255
slipgate,systemic,random,31021,300,290,163,4,0,1,0.000,0,0,7,7,0,98,819,0,81,0,98,0,0,0,0,4023704787
slipgate,systemic,random,31022,300,120,180,4,0,1,0.000,0,0,3,3,0,112,819,1,81,8,112,0,0,0,0,3396479573
slipgate,systemic,random,31023,100,150,177,0,0,1,0.000,0,0,5,5,0,35,284,13,4,2,35,0,0,0,0,4149726650
slipgate,systemic,random,31024,300,210,171,4,0,1,0.000,0,0,5,5,0,122,819,0,81,0,122,0,0,0,0,1152770135
slipgate,systemic,random,31025,300,270,165,4,0,1,0.000,0,0,6,6,0,117,819,0,81,0,117,0,0,0,0,2049150022
slipgate,systemic,random,31026,300,290,163,4,0,1,0.000,0,0,7,7,0,98,819,0,81,0,98,0,0,0,0,4035964750
slipgate,systemic,random,31027,57,40,188,0,0,1,0.000,0,0,2,2,0,24,159,8,0,0,24,0,0,0,0,3682510423
slipgate,systemic,random,31028,71,150,177,0,0,1,0.000,0,0,5,5,0,24,199,11,0,1,24,0,0,0,0,1434867668
slipgate,systemic,random,31029,300,210,171,4,0,1,0.000,0,0,5,5,0,122,819,0,81,0,122,0,0,0,0,4034148634
slipgate,systemic,random,31030,300,270,165,4,0,1,0.000,0,0,6,6,0,117,819,8,81,26,117,0,0,0,0,3285918629
slipgate,systemic,random,31031,300,290,163,4,0,1,0.000,0,0,7,7,0,98,819,0,81,0,98,0,0,0,0,3931964325
slipgate,systemic,random,31032,300,120,180,4,0,1,0.000,0,0,3,3,0,112,819,4,81,9,112,0,0,0,0,1081433085
slipgate,systemic,random,31033,300,220,170,4,0,1,0.000,0,0,6,6,0,101,819,0,81,0,101,0,0,0,0,4220098344
slipgate,systemic,random,31034,300,210,171,4,0,1,0.000,0,0,5,5,0,122,819,0,81,0,122,0,0,0,0,3012445031
slipgate,systemic,random,31035,300,270,165,4,0,1,0.000,0,0,6,6,0,117,819,0,81,0,117,0,0,0,0,505859108
slipgate,systemic,random,31036,283,290,163,0,0,1,0.000,0,0,7,7,0,92,764,11,73,0,92,0,0,0,0,3542723130
slipgate,systemic,random,31037,300,120,180,4,0,1,0.000,0,0,3,3,0,112,819,0,81,0,112,0,0,0,0,1213368906
slipgate,systemic,random,31038,300,220,170,4,0,1,0.000,0,0,6,6,0,101,819,0,81,0,101,0,0,0,0,155727827
slipgate,systemic,random,31039,300,210,171,4,0,1,0.000,0,0,5,5,0,122,819,0,81,0,122,0,0,0,0,1606375848
slipgate,systemic,random,31040,300,270,165,4,0,1,0.000,0,0,6,6,0,117,819,0,81,0,117,0,0,0,0,4097712555
slipgate,systemic,random,31041,300,290,163,4,0,1,0.000,0,0,7,7,0,98,819,0,81,0,98,0,0,0,0,3525557575
slipgate,systemic,random,31042,300,120,180,4,0,1,0.000,0,0,3,3,0,112,819,0,81,0,112,0,0,0,0,3205480221
slipgate,systemic,random,31043,300,220,170,4,0,1,0.000,0,0,6,6,0,101,819,0,81,0,101,0,0,0,0,2628558846
slipgate,systemic,random,31044,300,210,171,4,0,1,0.000,0,0,5,5,0,122,819,0,81,0,122,0,0,0,0,986825909
slipgate,systemic,random,31045,300,270,165,4,0,1,0.000,0,0,6,6,0,117,819,0,81,0,117,0,0,0,0,1691257440
slipgate,systemic,random,31046,300,290,163,4,0,1,0.000,0,0,7,7,0,98,819,0,81,0,98,0,0,0,0,375483670
slipgate,systemic,random,31047,300,120,180,4,0,1,0.000,0,0,3,3,0,112,819,0,81,0,112,0,0,0,0,3805158772
slipgate,systemic,random,31048,300,220,170,4,0,1,0.000,0,0,6,6,0,101,819,0,81,0,101,0,0,0,0,69733827
slipgate,systemic,random,31049,300,210,171,4,0,1,0.000,0,0,5,5,0,122,819,0,81,0,122,0,0,0,0,4001095386
slipgate,systemic,random,31050,300,270,165,4,0,1,0.000,0,0,6,6,0,117,819,0,81,0,117,0,0,0,0,2948660119
slipgate,systemic,random,31051,300,290,163,4,0,1,0.000,0,0,7,7,0,98,819,0,81,0,98,0,0,0,0,1772595575
slipgate,systemic,random,31052,300,120,180,4,0,1,0.000,0,0,3,3,0,112,819,0,81,0,112,0,0,0,0,1035839691
slipgate,systemic,random,31053,300,220,170,4,0,1,0.000,0,0,6,6,0,101,819,2,81,8,101,0,0,0,0,2630430000
slipgate,systemic,random,31054,94,140,178,0,0,1,0.000,0,0,5,5,0,39,268,6,2,1,39,0,0,0,0,1516479524
slipgate,systemic,random,31055,70,90,183,0,0,1,0.000,0,0,3,3,0,25,198,13,0,11,25,0,0,0,0,1995908490
slipgate,systemic,random,31056,300,290,163,4,0,1,0.000,0,0,7,7,0,98,819,0,81,0,98,0,0,0,0,625359246
slipgate,systemic,random,31057,300,120,180,4,0,1,0.000,0,0,3,3,0,112,819,0,81,0,112,0,0,0,0,41915854
slipgate,systemic,random,31058,300,220,170,4,0,1,0.000,0,0,6,6,0,101,819,0,81,0,101,0,0,0,0,816639641
slipgate,systemic,random,31059,300,210,171,4,0,1,0.000,0,0,5,5,0,122,819,5,81,8,122,0,0,0,0,3756534628
slipgate,systemic,random,31060,300,270,165,4,0,1,0.000,0,0,6,6,0,117,819,0,81,0,117,0,0,0,0,3327191017
slipgate,systemic,random,31061,300,290,163,4,0,1,0.000,0,0,7,7,0,98,819,0,81,0,98,0,0,0,0,1901489579
slipgate,systemic,random,31062,300,120,180,4,0,1,0.000,0,0,3,3,0,112,819,0,81,0,112,0,0,0,0,3914705203
slipgate,systemic,random,31063,71,150,177,0,0,1,0.000,0,0,5,5,0,24,195,12,0,5,24,0,0,0,0,2197974031
slipgate,systemic,random,31064,68,140,178,0,0,1,0.000,0,0,5,5,0,27,192,7,0,0,27,0,0,0,0,1652491322
slipgate,systemic,random,31065,300,270,165,4,0,1,0.000,0,0,6,6,0,117,819,0,81,0,117,0,0,0,0,4265266330
slipgate,systemic,random,31066,300,290,163,4,0,1,0.000,0,0,7,7,0,98,819,0,81,0,98,0,0,0,0,3520792322
slipgate,systemic,random,31067,300,120,180,4,0,1,0.000,0,0,3,3,0,112,819,0,81,0,112,0,0,0,0,4204579734
slipgate,systemic,random,31068,95,150,177,0,0,1,0.000,0,0,5,5,0,33,271,11,2,1,33,0,0,0,0,4265989111
slipgate,systemic,random,31069,300,210,171,4,0,1,0.000,0,0,5,5,0,122,819,0,81,0,122,0,0,0,0,2495547918
slipgate,systemic,random,31070,300,270,165,4,0,1,0.000,0,0,6,6,0,117,819,0,81,0,117,0,0,0,0,2892288347
slipgate,systemic,random,31071,300,290,163,4,0,1,0.000,0,0,7,7,0,98,819,0,81,0,98,0,0,0,0,474120621
slipgate,systemic,random,31072,300,120,180,4,0,1,0.000,0,0,3,3,0,112,819,0,81,0,112,0,0,0,0,3850327301
slipgate,systemic,random,31073,300,220,170,1,0,1,0.000,0,0,6,6,0,101,809,9,79,16,101,0,0,0,0,2003403341
slipgate,systemic,random,31074,300,210,171,2,0,1,0.000,0,0,5,5,0,122,812,8,80,9,122,0,0,0,0,3743677921
slipgate,systemic,random,31075,300,270,165,4,0,1,0.000,0,0,6,6,0,117,819,0,81,0,117,0,0,0,0,4155438014
slipgate,systemic,random,31076,300,290,163,4,0,1,0.000,0,0,7,7,0,98,819,0,81,0,98,0,0,0,0,1889440960
slipgate,systemic,random,31077,300,120,180,4,0,1,0.000,0,0,3,3,0,112,819,0,81,0,112,0,0,0,0,2295642906
slipgate,systemic,random,31078,61,120,180,0,0,1,0.000,0,0,4,4,0,19,170,7,0,7,19,0,0,0,0,1140378281
slipgate,systemic,random,31079,66,130,179,0,0,1,0.000,0,0,5,5,0,27,186,8,0,2,27,0,0,0,0,917580491
slipgate,systemic,random,31080,300,270,165,4,0,1,0.000,0,0,6,6,0,117,819,0,81,0,117,0,0,0,0,1102307823
slipgate,systemic,random,31081,300,290,163,4,0,1,0.000,0,0,7,7,0,98,819,0,81,0,98,0,0,0,0,2071356265
slipgate,systemic,random,31082,300,120,180,4,0,1,0.000,0,0,3,3,0,112,819,0,81,0,112,0,0,0,0,4068007217
slipgate,systemic,random,31083,71,150,177,0,0,1,0.000,0,0,5,5,0,24,199,9,0,2,24,0,0,0,0,1699716731
slipgate,systemic,random,31084,300,210,171,4,0,1,0.000,0,0,5,5,0,122,819,1,81,8,122,0,0,0,0,2112524691
slipgate,systemic,random,31085,300,270,165,4,0,1,0.000,0,0,6,6,0,117,819,0,81,0,117,0,0,0,0,824909812
slipgate,systemic,random,31086,300,290,163,4,0,1,0.000,0,0,7,7,0,98,819,0,81,0,98,0,0,0,0,3730869988
slipgate,systemic,random,31087,300,120,180,4,0,1,0.000,0,0,3,3,0,112,819,4,81,9,112,0,0,0,0,681489314
slipgate,systemic,random,31088,300,220,170,4,0,1,0.000,0,0,6,6,0,101,819,0,81,0,101,0,0,0,0,1574448277
slipgate,systemic,random,31089,66,130,179,0,0,1,0.000,0,0,5,5,0,27,186,8,0,2,27,0,0,0,0,3833225663
slipgate,systemic,random,31090,300,270,165,4,0,1,0.000,0,0,6,6,0,117,819,0,81,0,117,0,0,0,0,3283237819
slipgate,systemic,random,31091,300,290,163,4,0,1,0.000,0,0,7,7,0,98,819,0,81,0,98,0,0,0,0,3194095897
slipgate,systemic,random,31092,300,120,180,4,0,1,0.000,0,0,3,3,0,112,819,0,81,0,112,0,0,0,0,2938152479
slipgate,systemic,random,31093,70,150,177,0,0,1,0.000,0,0,5,5,0,23,198,8,0,1,23,0,0,0,0,3135991124
slipgate,systemic,random,31094,300,210,171,4,0,1,0.000,0,0,5,5,0,122,819,0,81,0,122,0,0,0,0,3038802907
slipgate,systemic,random,31095,300,270,165,4,0,1,0.000,0,0,6,6,0,117,819,0,81,0,117,0,0,0,0,113681670
slipgate,systemic,random,31096,300,290,163,4,0,1,0.000,0,0,7,7,0,98,819,0,81,0,98,0,0,0,0,1928420464
slipgate,systemic,random,31097,300,120,180,4,0,1,0.000,0,0,3,3,0,112,819,0,81,0,112,0,0,0,0,6986776
slipgate,systemic,random,31098,300,220,170,4,0,1,0.000,0,0,6,6,0,101,819,0,81,0,101,0,0,0,0,2957584393
slipgate,systemic,random,31099,300,210,171,4,0,1,0.000,0,0,5,5,0,122,819,0,81,0,122,0,0,0,0,2561074156
slipgate,systemic,random,31100,300,270,165,4,0,1,0.000,0,0,6,6,0,117,819,0,81,0,117,0,0,0,0,1071874363
slipgate,systemic,random,31101,300,290,163,4,0,1,0.000,0,0,7,7,0,98,819,0,81,0,98,0,0,0,0,2497668167
slipgate,systemic,random,31102,300,120,180,4,0,1,0.000,0,0,3,3,0,112,819,0,81,0,112,0,0,0,0,1946482071
slipgate,systemic,random,31103,90,150,177,0,0,1,0.000,0,0,5,5,0,31,257,12,1,1,31,0,0,0,0,199091034
slipgate,systemic,random,31104,70,140,178,0,0,1,0.000,0,0,5,5,0,29,198,8,0,5,29,0,0,0,0,741710782
slipgate,systemic,random,31105,300,270,165,4,0,1,0.000,0,0,6,6,0,117,819,0,81,0,117,0,0,0,0,3990405032
slipgate,systemic,random,31106,300,290,163,4,0,1,0.000,0,0,7,7,0,98,819,0,81,0,98,0,0,0,0,776089096
slipgate,systemic,random,31107,300,120,180,4,0,1,0.000,0,0,3,3,0,112,819,0,81,0,112,0,0,0,0,3692541576
slipgate,systemic,random,31108,300,220,170,4,0,1,0.000,0,0,6,6,0,101,819,0,81,0,101,0,0,0,0,465907801
slipgate,systemic,random,31109,86,140,178,0,0,1,0.000,0,0,5,5,0,36,245,7,1,0,36,0,0,0,0,2225550589
slipgate,systemic,random,31110,300,270,165,4,0,1,0.000,0,0,6,6,0,117,819,0,81,0,117,0,0,0,0,1130780089
slipgate,systemic,random,31111,300,290,163,4,0,1,0.000,0,0,7,7,0,98,819,0,81,0,98,0,0,0,0,4112138041
slipgate,systemic,random,31112,300,120,180,4,0,1,0.000,0,0,3,3,0,112,819,0,81,0,112,0,0,0,0,793385103
slipgate,systemic,random,31113,300,220,170,4,0,1,0.000,0,0,6,6,0,101,819,0,81,0,101,0,0,0,0,337066516
slipgate,systemic,random,31114,66,130,179,0,0,1,0.000,0,0,5,5,0,27,186,10,0,0,27,0,0,0,0,1584868388
slipgate,systemic,random,31115,300,270,165,4,0,1,0.000,0,0,6,6,0,117,819,1,81,8,117,0,0,0,0,1561043136
slipgate,systemic,random,31116,300,290,163,4,0,1,0.000,0,0,7,7,0,98,819,1,81,8,98,0,0,0,0,1285934156
slipgate,systemic,random,31117,300,120,180,4,0,1,0.000,0,0,3,3,0,112,819,0,81,0,112,0,0,0,0,3596822620
slipgate,systemic,random,31118,300,220,170,4,0,1,0.000,0,0,6,6,0,101,819,5,81,10,101,0,0,0,0,1084427551
slipgate,systemic,random,31119,300,210,171,4,0,1,0.000,0,0,5,5,0,122,819,0,81,0,122,0,0,0,0,2904320610
slipgate,systemic,random,31120,300,270,165,4,0,1,0.000,0,0,6,6,0,117,819,0,81,0,117,0,0,0,0,3773497351
slipgate,systemic,random,31121,300,290,163,1,0,1,0.000,0,0,7,7,0,98,808,20,80,11,98,0,0,0,0,637005266
slipgate,systemic,random,31122,300,120,180,4,0,1,0.000,0,0,3,3,0,112,819,0,81,0,112,0,0,0,0,974096963
slipgate,systemic,random,31123,300,220,170,4,0,1,0.000,0,0,6,6,0,101,819,0,81,0,101,0,0,0,0,3967248270
slipgate,systemic,random,31124,76,140,178,0,0,1,0.000,0,0,5,5,0,31,216,10,0,9,31,0,0,0,0,1085230140
slipgate,systemic,random,31125,300,270,165,4,0,1,0.000,0,0,6,6,0,117,819,0,81,0,117,0,0,0,0,2624627832
slipgate,systemic,random,31126,300,290,163,4,0,1,0.000,0,0,7,7,0,98,819,0,81,0,98,0,0,0,0,1058924564
slipgate,systemic,random,31127,300,120,180,4,0,1,0.000,0,0,3,3,0,112,819,3,81,23,112,0,0,0,0,3213746610
slipgate,systemic,random,31128,300,220,170,4,0,1,0.000,0,0,6,6,0,101,819,2,81,8,101,0,0,0,0,3350048179
